source,isp,text_clean,compound,positive,neutral,negative,label,published_at,scraped_at,url,dominant_topic
news,MTN,mtn south sudan starts selling starlink services telecompaper mtn south sudan starts selling starlink services telecompaper,0.0,0.0,1.0,0.0,neutral,"Tue, 07 Oct 2025 07:00:00 GMT",2026-05-02T15:44:18.891324,https://news.google.com/rss/articles/CBMilgFBVV95cUxNeFZYa2FFTlVMYkp3dDRlS2tHaVF6b3VJMW52Q2swSTNyNzFGWU41V3pSS2pjWDV4OUs0V0s2a3dUNnYwN2tDZzlrbXhuYktKZUNvU0E4aTJ4X2pLTUxuX1dyWlJydEhVRkdEbTFUQUhzNzdyNFBJNHVPNEtjbmlJeEpDaERJU1dOdDQ4RnI1bUNMYVAySUE?oc=5,4
news,MTN,mtn business botswana ethica introduce smart internet solution boost network resilience techafrica news mtn business botswana ethica introduce smart internet solution boost network resilience techafrica news,0.9246,0.435,0.565,0.0,positive,"Thu, 06 Nov 2025 08:00:00 GMT",2026-05-02T15:44:18.891324,https://news.google.com/rss/articles/CBMizgFBVV95cUxPcThaOUJCWUtwVFBsclJ3RF9ZNWllN29vNlNhYmMyZlQyUWRnRUJHNnZGbGNhZER4cG1xVjIyb0I3Z21ld29iTDl5eVA4N2dnQ0tKRVgxMmtVZTVEOFJKLUUxNzJnQzNPZzRXaXFxLU5QdEMtSXh6LTZfSnZDSTU0VVN4eHVBYS12MnZxaWp2VDhMeTVUX3psb0xGV1RtMW1vQVFmdTU3aTlKYzJ5VEc3Z21uNHJoMmhYSGlEdllON0ZBRnJlc0tsMW1mcjREZw?oc=5,4
news,MTN,mtn cameroon fire forced subscriptions failing network business cameroon mtn cameroon fire forced subscriptions failing network business cameroon,-0.9468,0.0,0.408,0.592,negative,"Tue, 17 Jun 2025 07:00:00 GMT",2026-05-02T15:44:18.891324,https://news.google.com/rss/articles/CBMivwFBVV95cUxOSTNDa0l3UVRVdlFVaGRjUktTVWNBeVVmMF9JRXgySWJHZU1DRmY4V21fYTdQYy1PQXRsQWNaLXBZX1pIZ0lhdXhBUURxV1VQamdVY3lKdWgxQ2lrVzFDTF82ekdOcnMyQUNyT0psUDhPR0ttYTFBM0tqM2FXWDM4SzBOMVNzX3NVN3VxdEs1QlI5UVEtZHdMMnJxaHdDLVJOME1wRndlVTRzVlZTLUZ0bC1Oa2kyd2dIbHlCNXJsdw?oc=5,4
news,MTN,mtn secretly locks broadband customers south africa mybroadband mtn secretly locks broadband customers south africa mybroadband,0.0,0.0,1.0,0.0,neutral,"Thu, 29 Jan 2026 08:00:00 GMT",2026-05-02T15:44:18.891324,https://news.google.com/rss/articles/CBMitAFBVV95cUxQd2ljTTZOUjFKdjdOMTZzdkU3WE9vT3hYQ3phMk80d1ZwUkN0Y05KSF9sZFExdVdSSzBHcHZja2t5SmZaOWNpNXphZEZFQTlFdzJVWWxLdUctQTl0MEtPeEZ2YTlnR25vTnNnUUl6TFphQ21EbXozeTFhTWFsMmh3a2xxZC0tSzF3dEprVnZMTUxDWEZfLWlLNm9pSEFNX0p5anVaX1dxbUNEVXp1RnJVWFVua2k?oc=5,4
news,MTN,abuja resident awaits remedy months losing service tool mtn fiberx installation fij abuja resident awaits remedy months losing service tool mtn fiberx installation fij,-0.5574,0.094,0.719,0.187,negative,"Sun, 23 Nov 2025 08:00:00 GMT",2026-05-02T15:44:18.891324,https://news.google.com/rss/articles/CBMiugFBVV95cUxNV0hhVEFxcUdPenpsNXRKa2ZmNnVvdERPOHVPVVd1N1gwMDhKcmlXLVZ0VUNWMG1Cd21qVGVDX0dVSmRtd3pFMVRBaklubFRWdU9aaTNDdzNIU2tzU3FqWENKczJqNlhKMmJPaUZtOEVySkxnZmxQZlNoUmE3RW9pVzdrMFIxdzJkSzBLVXZDQk1ocEJ0YUFWb3RRbUJ3NFppQklNRWc1Q2Z2cTNJVHRDSFYxU1pIaHZFSlE?oc=5,4
news,MTN,mtn momo uganda introduces virtual card momo enable commerce growth mastercard mtn momo uganda introduces virtual card momo enable commerce growth mastercard,0.6369,0.206,0.794,0.0,positive,"Fri, 28 Feb 2025 08:00:00 GMT",2026-05-02T15:44:18.891324,https://news.google.com/rss/articles/CBMi9wFBVV95cUxQNkF1dl82czZERE9BYVF0eUdzcWQ0R2pJdzd1QkVaUE5kRXdpRUVtRk1HVE5lQmZyZmVpS2MyejBLU3gweGJFb0RSUzJNSUZZNkNfYnREZTdSdmN4QXRLN0ttLVZQWEN6UlB1OGxhaVNKSzBsLVU0eGFEQXp1ekpmZGxoYmRYczE1Y2s5ejVXUXdOYWZhQkhmbnIzNUM2dkxwUW9jbkNEeXZ6eEZKSWhwbDVKby1OaHNWeEpCQVJJZGxvUURoYi16czlha0dqbGE3M2YtdWNHUGNRdGFCV3gyX3JkX1QyeXFIU25xcjQ1VHR1MXBtS2x3?oc=5,4
news,MTN,mtn wins four awards consumers awards nation newspaper mtn wins four awards consumers awards nation newspaper,0.9607,0.66,0.34,0.0,positive,"Wed, 03 Dec 2025 08:00:00 GMT",2026-05-02T15:44:18.891324,https://news.google.com/rss/articles/CBMie0FVX3lxTFBRT1ZMalk3VE50N0xURzRFbUZYREk5dW80MkJfXzVXV3NfTlNKcHNBUTkwbDVzYnpsLWR6aGMwU1p1Q00xOHZhbUp1QkxHZ3Voc3E2UTQxRTNJb2ZQeDliMS1mMU1maTUtajNPTjFGSkxub2JzYjFTWjFaNNIBgAFBVV95cUxNQzRPQkdraDI4Y2gxSlZVSV9oZ21md3JxVVNuRzhRSkxrc2ItTUIxenN1S2UzeHMzLXV3MmduYnUtU1lHRV9lSDZaWUg1Q0wzTHhoQkt2dGtsRlEtYXBHNWctZDBtOFNyTnRCZXZWa0o1MG9oUEIwYTNOeWFsNlNIZg?oc=5,4
news,MTN,mtn launches integrated home mobile plans techcentral mtn launches integrated home mobile plans techcentral,0.0,0.0,1.0,0.0,neutral,"Fri, 17 Oct 2025 07:00:00 GMT",2026-05-02T15:44:18.891324,https://news.google.com/rss/articles/CBMigAFBVV95cUxPTW9BUDhmYU9LUnIzSE5zckRIR09YM2p2T3hrdlBoZXZ6aE1iOWQtSkQzTXdmV01uc3h6WHNtVjJycDRvZUlyczF5Z1JfSkp2bEpVRTVEUDhXMUxER3NrY2Vwbk5IaXQ1OWRUY2h6NUk3MUNiLVhTR0NwaDRuY0s2Ng?oc=5,4
news,MTN,mtn launches self service sim swap enhance customer convenience security myjoyonline mtn launches self service sim swap enhance customer convenience security myjoyonline,0.5859,0.194,0.806,0.0,positive,"Tue, 17 Mar 2026 07:00:00 GMT",2026-05-02T15:44:18.891324,https://news.google.com/rss/articles/CBMitAFBVV95cUxNRXBtZ1JVWDdRM01odUt1cTY0LS1kQy1rM2xRS3Y3elREYnJvcXlkeHFVVTdfZWgyUmVENENjMW9SeDdVSUNjbURBRFlvd2FmRlRfMFJpajJKVnhjcXFQV3FCMUw0QkZRcm0yM1Z2ZWV4VlJsM1hkeFZibmNHWndkbDhYZDNYLXZZaE04eVJhMEZMdUk5VUJ3akljNUZUQll1VXlEdVotU2Rmd3F5czRMUVQxWHY?oc=5,4
news,MTN,mtn ghana data subscribers hit million users news ghana mtn ghana data subscribers hit million users news ghana,0.0,0.0,1.0,0.0,neutral,"Sat, 01 Nov 2025 07:00:00 GMT",2026-05-02T15:44:18.891324,https://news.google.com/rss/articles/CBMihgFBVV95cUxORkVmLXpvYmhFa1I5bUx5LU9vUnQ1WmpYcEY3Rzg5ZVZwYzh0alVreW44T0pEcnd1M2dVR2JONXlHaTVNdGVpdnR3OTBvaXk5ZnVKSUpTbkttNTR5VTlockVfRkxvM1IyNmRzOElzVThWa0QxSUNZMXFoZElmTFVtU1RWX1ZmUQ?oc=5,4
news,MTN,mtn cameroon hits record internet users 2025 despite criticism business cameroon mtn cameroon hits record internet users 2025 despite criticism business cameroon,0.5875,0.194,0.806,0.0,positive,"Thu, 21 Aug 2025 07:00:00 GMT",2026-05-02T15:44:18.891324,https://news.google.com/rss/articles/CBMi0wFBVV95cUxNajF2V3Fta0RQNlFQbVJVbUs4OWp3TVRObFV6aEZOMGcxNnF1MldZZnZmNG9JSFFKdlczeWR1MlJjMXUxQ1Z6ZVpnTmVDQzM0VUpqbGJHanpfdEdEVm5MR3doQjlKajNVdS1sX0JZanFuR25KcGVXMkRuYVBQOHF6S1JyemVxV0ozMVV4bjV3Y2V6aHozV0xtQk9TQm9BMmlRcFVxVHVBSTh6Q2poU3J2ampFUGUyTzZSRzlYRFAzaXBGY3Y0V0pmR0NnM3FkYWtHRS1F?oc=5,4
news,MTN,mtn launches hour motorbike delivery speed sim internet access across johannesburg techafrica news mtn launches hour motorbike delivery speed sim internet access across johannesburg techafrica news,0.0,0.0,1.0,0.0,neutral,"Mon, 02 Jun 2025 07:00:00 GMT",2026-05-02T15:44:18.891324,https://news.google.com/rss/articles/CBMizgFBVV95cUxPNjJLblRuT3RHMjFiV1dnNUV6eE5jbkNKWkctdXY0Ym1VVU1aM1hOWXZSUDA5am9IVURSQ2FteDd0Y1BxWHlBcVF5aFhEVDRaWkY0ODY4WFRLbWxxT3Z2QWFrTmFWa0E0TUlESkgtOXhZMUxlcUUwLUxGd2xwSkJsV1R5bno5dlhPVGtEMDQ4VC1fNnVFVUp1TUxKYzZkMUczM29NYTVTRVY2Z054aTNoRG5sU2lfQnNSSk9JLVpxZ0ZobS1WUGF4dHczSl8xdw?oc=5,4
news,MTN,mtn fibrex nigeria cheapest unlimited internet math pulse nigeria mtn fibrex nigeria cheapest unlimited internet math pulse nigeria,0.0,0.0,1.0,0.0,neutral,"Wed, 02 Jul 2025 07:00:00 GMT",2026-05-02T15:44:18.891324,https://news.google.com/rss/articles/CBMiaEFVX3lxTE9WRUdtbDQ0RVN2VU5ZWjBCVnNVaWZKdkttMnBHMVBQUlAtelplY1dqU1JMVDBOMnl3VzdGNl82SmJBRzNybnhJa1lvOGVVcng5Sl9HVzFWejcyU0tRNlVVUXB5SHcxd2lQ?oc=5,4
news,MTN,vodacom mtn lead customer service perceptions mybroadband vodacom mtn lead customer service perceptions mybroadband,0.0,0.0,1.0,0.0,neutral,"Mon, 11 Aug 2025 07:00:00 GMT",2026-05-02T15:44:18.891324,https://news.google.com/rss/articles/CBMipwFBVV95cUxPVXBhT0o2VlhUcVZRWXItNVRMd2N0eUgtWjRReW1ITjl6VjAzRF96X3JHc3FIUlVHQU1aRWVURHVBRFVBaEQ1aV9QTktQeWtjRmdsTm9YMURadU53T1RSTTgxTThEdlhwbTlRV3VoNVljcnZoZnZKcVNTYzhVOTZ5N24wZDh1eVBsUXRWSDVIV0xLNnlwbExUbVdTNklPaFRJVU11N1FGVQ?oc=5,3
news,MTN,mtn zambia named starlink reseller connecting africa mtn zambia named starlink reseller connecting africa,0.0,0.0,1.0,0.0,neutral,"Mon, 09 Jun 2025 07:00:00 GMT",2026-05-02T15:44:18.891324,https://news.google.com/rss/articles/CBMihwFBVV95cUxQLVlrUTZ2aVdnTDlVWDNKQlNxLWZWSVowNHVCNjlaalhnOFNNWVlLX2NYdmp6TlFzcTdSSVdPM2R4eVVfMmZXdXBXaWV1MFQ2S2JuaWwyV1IwRkJoTFRRLWF3Q0lYZWMyNXB6VnZxY243Uzh6X1gtUXZCUVMxcE5Pd3FxYm5uTUU?oc=5,4
news,MTN,mtn signs liquid intelligent technologies roaming service liquid intelligent technologies mtn signs liquid intelligent technologies roaming service liquid intelligent technologies,0.9001,0.429,0.571,0.0,positive,"Mon, 27 Mar 2023 23:11:01 GMT",2026-05-02T15:44:18.891324,https://news.google.com/rss/articles/CBMipAFBVV95cUxNVE1oaTRnX2JUTmh2QTFybHl6MVFjbUloUGhVV2JMOGZiR0ZyYUVOaTNONFJpelVDOW5IU0JNS2JLbnlnQlJFcFFYTzBjM0Q4RnlmRXJoSTBOWUtJd0lJa2EyOWV1WDhHQThuRVJhZHRqZW5hcFZ1TUVJRGhiX2NvOU5xQjB2RWk4andYSFRBdHhvWVIxTURaMXZ4Zm1TZjgzb3g2cA?oc=5,4
news,MTN,mtn glo airtel 9mobile data call plan cost ncc approve tariff hike telcos nigeria bbc mtn glo airtel 9mobile data call plan cost ncc approve tariff hike telcos nigeria bbc,0.0,0.0,1.0,0.0,neutral,"Wed, 22 Jan 2025 08:00:00 GMT",2026-05-02T15:44:18.891324,https://news.google.com/rss/articles/CBMiXEFVX3lxTFBSYy00OVk2MXRFSnVZLXdJZjk4T1NoYVRHMVVia2pYcU9PSGZjd2YwWWR6RnhuLXhFMjJWVzU1c3lXM01MQTRQWXRvZ1VVb2ltSVRHbjhEdWZOeDVF0gFiQVVfeXFMT0x5dVFQODdVQkctS1BTNnhTWFN3X0htMHN1eHFwNnlmRno0cDlZT1k3a2JiM0tnVHp6cjVoTmFGRlByRVVXa2U4V3Q5V3hyZUZHbmE0eWNEVUs3NmRtWVM0WGc?oc=5,4
news,MTN,residents commend mtn community engagement call continuous service improvements tsito myjoyonline residents commend mtn community engagement call continuous service improvements tsito myjoyonline,0.9371,0.506,0.494,0.0,positive,"Mon, 28 Jul 2025 07:00:00 GMT",2026-05-02T15:44:18.891324,https://news.google.com/rss/articles/CBMiwwFBVV95cUxObmJ3SEh6TnlzeFNPRVY0cGlrZ05XNmRMOEpMYjFJU1JUY0VNMGN2akQ3YUxxVzVyU090dXF0dzhXQXRBcFFkSWttWllUUGsxOWZYSjRHai1ubjlHY2dHRUkxd2RmQ3gtdW5QQU1hZWZjWlpUVi1GdkUxVnZBU2dnMjFJcmo4bjA3Sk9iNzdZQ2VEZk9yeHVPUDZrVWx3VHBKd3ZMWFBJT0VqcUM1S3YxbldxM1hqTVpyZnNPNGg4V0lYX28?oc=5,4
news,MTN,mtn promises fix abuja customer fiberx service offers many apologies zero action months fij mtn promises fix abuja customer fiberx service offers many apologies zero action months fij,0.6369,0.167,0.833,0.0,positive,"Sat, 13 Dec 2025 08:00:00 GMT",2026-05-02T15:44:18.891324,https://news.google.com/rss/articles/CBMiyAFBVV95cUxPN3JzcV93d1NuelVBZ3hQbmQtZ1AtWkcyd0RWdlVEMzFvcmlrc2ZhWThwbGxhSWxJRW5BMVVHeE5pM2ZLcF9jdzQzQ3hsRUs1c0Q3Uy00Z1dwT3pHR3g3MXYwVzQwZlVfUDEzNGxzTk51NE5Eb21JNFZLUzU0NzNsa1FacFpXUXYzWHFqV0F2VEZKcnNKYjd0MlJXRE5KUmlHUzlWcnR3RVBHZlRTR2QyVzdPNnQwRVlqbVFuTmFOV2pQcktOd19NNg?oc=5,4
news,MTN,mtn uganda elevates wakanet home broadband new pricing faster speeds enhanced services techafrica news mtn uganda elevates wakanet home broadband new pricing faster speeds enhanced services techafrica news,0.0,0.0,1.0,0.0,neutral,"Mon, 04 Nov 2024 08:00:00 GMT",2026-05-02T15:44:18.891324,https://news.google.com/rss/articles/CBMizwFBVV95cUxQNzZUN0JCWDVyeFVsN29mc3l0S1ptaGUtXzhBWHRRTWF5NGNhUURwZTlaaHRBS1I2MzloejM2UkF6Q1ZiUEVZT05sYzh2WjVBOWRlbUxqa3A2al80ZGtZd1NhQ3lUV3Y4R2thOExMbEtTYlZCbmpWN3F2a0F1WUpFai10amhSa2pKeFZyYjZVSlQ2RUJDa3J5TE9fNEU0OS1sQWJaT2l3ZnpDT3FOYjV5dmNUWS1RQXN5dE9hZmdpRnhzT2dZYjNiWk1MV1RTTEU?oc=5,4
news,MTN,meet egerton idehen mtn new chief broadband officer business news nigeria meet egerton idehen mtn new chief broadband officer business news nigeria,0.0,0.0,1.0,0.0,neutral,"Mon, 28 Apr 2025 07:00:00 GMT",2026-05-02T15:44:18.891324,https://news.google.com/rss/articles/CBMimwFBVV95cUxOLVQ0QUMtRDF2azV5SzRMbXNoOHljN21yMTc1TTQ4cThLU2hSeWtkdG9GOUI4TzZEQWpJQXdvLWNCYXNocHFsTm9vc0F2TXh3OEZGVEZXUW5qNkVaM2g0YWlMbXBUVTA2QWZMWG5NNndNRzYyNHVMS0ZBYkNoTmZoX0F5R3ZJMHRvaVVJQVlwYXU2WWlsbEdFaXVtYw?oc=5,0
news,MTN,mtn nigeria appoints egerton idehen chief broadband officer technext mtn nigeria appoints egerton idehen chief broadband officer technext,0.0,0.0,1.0,0.0,neutral,"Mon, 28 Apr 2025 07:00:00 GMT",2026-05-02T15:44:18.891324,https://news.google.com/rss/articles/CBMie0FVX3lxTE93d29ZY005QmctVUIxVk9kV1VnZVRaSG1jWGxjSGVSTklabmNOZktMZnUxczRzYjNUX3hvRnVjaW5DelRlSlRiT25zZVFhbTh6QWpiNl92MUl1b3ZLZmozVGlqMTdlM2lZU0J0S182Q00yNTJ3XzRfSmptdw?oc=5,4
news,MTN,frustration mtn users lament network disruption guardian nigeria news frustration mtn users lament network disruption guardian nigeria news,-0.9451,0.0,0.411,0.589,negative,"Tue, 06 May 2025 07:00:00 GMT",2026-05-02T15:44:18.891324,https://news.google.com/rss/articles/CBMixAFBVV95cUxNQU5iT2xZbFFsYnZXZVhwdjc2U2cyZjByS0lmc1FFVlVMN1B6OG0xR25CNHktQ0Y4QU5KS1UyRVNYSFFsdjE1NGRuanluX2RwMkJqSDBqZDBoTUtiRk5xUHNZTEdHbTdib01reUZpQTBOX0pLQW9HcnlELUpZOHd5NU0xLU9Lb203NW9FWmZiZVRrZzlRYlVMNXlMeFowb095cjBxU3lpd3ZpaVRkTXZOQ2VVaHpTel9nVi1oUjFlYjhOdUJQ?oc=5,0
news,MTN,ookla umiaut name mtn best network sub saharan africa bhmng com ookla umiaut name mtn best network sub saharan africa bhmng com,0.8555,0.296,0.704,0.0,positive,"Wed, 05 Oct 2022 07:00:00 GMT",2026-05-02T15:44:18.891324,https://news.google.com/rss/articles/CBMihAFBVV95cUxNTDBHNm51UFdmeDk4M0lpOU1GeEdLQ3NaTE1DbGF4R2x1d1pjQ0IyVzZxWmNEdjkzUVRyU2o5dHpoVWVLWmQ3TTdUcE5jYTgzT0R3TkZGUlhXZnIzczR6clpwdWJpOVF1WHRweWF1NjZhcGQwRmpiQ3VlMkxjMXAySTJ5OGc?oc=5,4
news,MTN,mtn launches home internet service modern ghana mtn launches home internet service modern ghana,0.0,0.0,1.0,0.0,neutral,"Sun, 12 Sep 2021 07:00:00 GMT",2026-05-02T15:44:18.891324,https://news.google.com/rss/articles/CBMihwFBVV95cUxPZWxJTmtZUXU4UEpPV1RJT2ZscXllRHdWODBsZnlxakFFVkNGQlcxVWMyTlJxZERhMHM2dm1rOUZETTRMb0pmQkdGNmxoY2E1ekQ2RkIwVWhpeGxXNGhLN3BlaFBSdzJQTm56N1Ywcm5TYkxKaGIwell1RnlLcGVKUzh2TWNsYm_SAYYBQVVfeXFMT2dCdkhJbUU1TlFvOTZ0NEhLLVdLcjJKOWg5SDVUcUUtOVdkZXptNzB2RVZoT20yQzZFalRqNnlKMTJ3ZHBza3h5S0xjNkZRM2ppNzhkTnFhZEJVLUtVRkV0YUhBcDlIUGN5MmFiQmtVQnl1SnNQaVM5NHRBSVlleFpXQVFSVmc?oc=5,4
news,MTN,mtn launches two hour motorbike delivery service major south african city mybroadband mtn launches two hour motorbike delivery service major south african city mybroadband,0.0,0.0,1.0,0.0,neutral,"Mon, 02 Jun 2025 07:00:00 GMT",2026-05-02T15:44:18.891324,https://news.google.com/rss/articles/CBMixwFBVV95cUxQWUFEWHJ5OWtqellFUXJOVnpTMFZBd2N0UmxwWWE0Rk1ueG9Id0RFNE9fTE9fXzFGVVN2NGlldmZIUVFVMG01N1JNcFdlajJqTG40ekxHNHNueDlKeHhMOGlQZ184aHE4ZHVNMVNfaVdpWGtfX2RqVlduOGJqREdmcTJZY1ZxUTF3YmdvMFphdmswbHQzNlJKSHB5NGJ2Z2c4b3VzMFFBM0tDYzBfampCaVgwV1o1LVJYazNvZ1FyU0pETFdYNENR?oc=5,4
news,MTN,easy ways check mtn number 2024 techcabal easy ways check mtn number 2024 techcabal,0.7506,0.457,0.543,0.0,positive,"Wed, 07 Aug 2024 07:00:00 GMT",2026-05-02T15:44:18.891324,https://news.google.com/rss/articles/CBMifkFVX3lxTE9TaFkzVjFpT202YkF3LXQ5VVFZcl9lS3hfanI1SWRnTkwtQTdUV3B3dHlhVmw5YkJFdVZ6VlZnUDJFb3d1cGtKZHJVek9RYVpmYWdGZ2l6aDFPR2ZiVThKMFhtNU5Gd0R4dGdqbmp1SlFSUEhzdEFRVEJRM3pvQQ?oc=5,4
news,MTN,mtn ghana relocates osu customer service centre telecompaper mtn ghana relocates osu customer service centre telecompaper,0.0,0.0,1.0,0.0,neutral,"Sun, 04 Dec 2016 15:47:22 GMT",2026-05-02T15:44:18.891324,https://news.google.com/rss/articles/CBMilAFBVV95cUxQNE1CclQ5eEVKVXFFUFB4TjBWelJaN3VWWkhISERZaU5laHFVcVp1ZExlUW9MbDl2aEtWcFlBOEtEaTIwU011RkQ4MExFa29SbnJwQUxpVjl5OUx3MnU0WG9YZHgwTGJXTVpidk9SVXZUbkxqYXQ4dGt3VXlZZHJUMDFZWC1VSUQwcmZ6aWl0Sm1RazNt?oc=5,4
news,MTN,mtn rwanda launches mymtn app self service telecompaper mtn rwanda launches mymtn app self service telecompaper,0.0,0.0,1.0,0.0,neutral,"Thu, 15 Nov 2018 08:00:00 GMT",2026-05-02T15:44:18.891324,https://news.google.com/rss/articles/CBMikwFBVV95cUxOdnEteGhqaFRvdWdnQy04YnN4dkVXTXFIVHBfZ2VqTXFFREpUMjJFYzNhdjJaZ2pjUTk2SDd2eWhfM1h1eWQ1WVNkeFhVcV94US1URDVJUVA1aFkydlZMT0lwRjllcGUtUzBDNUJaTzZLWGVKS3B5QWFuUlpjYnlBNmF5aDhwUjg0dW1vdGg0Mjdrcjg?oc=5,4
news,MTN,mtn launches service diaspora call uganda cheaply uganda observer mtn launches service diaspora call uganda cheaply uganda observer,0.0,0.0,1.0,0.0,neutral,"Wed, 28 Jun 2023 07:00:00 GMT",2026-05-02T15:44:18.891324,https://news.google.com/rss/articles/CBMimAFBVV95cUxOSGRIN0RPUm1sY2JmU3BINXlReC14NENPbkh4VkJxa2NaR2NnNGtDdzM0Z3EtcmxqYjR2bklUY21xempzNExFeU5qUlJqTlAyV3pCVDVjMGlpNHpKcHl2QzRZQWRnODgtTk1BcXlDai1FcE9wNkFjN3FUOVI0UEpGTlFyNDJsdEZ5S1ROX3BJZGdaTTVSOTBLUg?oc=5,4
news,MTN,blackberry internet service mtn gives facts regarding unlimited plans bbm crackberry blackberry internet service mtn gives facts regarding unlimited plans bbm crackberry,0.0,0.0,1.0,0.0,neutral,"Sat, 23 Feb 2013 08:00:00 GMT",2026-05-02T15:44:18.891324,https://news.google.com/rss/articles/CBMiigFBVV95cUxPdjQwRzdTSjZER01xZmNuZmtaMmUzdDlXTHJmWXREcXU0dWVldm44bWNWM3JyWTJJRDJUa2h2eHFpSlBTbzJVU2FJR0RHbWtpS3kxMG5Wdng0b3JTR19oM05ZNkRKSV9WNWwxYWY2dDhERUc2d051NWs1X1dRNnVrVkZoS25ZTEFOSHc?oc=5,4
news,MTN,relocation mtn customer service center osu modern ghana relocation mtn customer service center osu modern ghana,0.0,0.0,1.0,0.0,neutral,"Wed, 14 Jan 2015 08:00:00 GMT",2026-05-02T15:44:18.891324,https://news.google.com/rss/articles/CBMimAFBVV95cUxQNE91VFVfZkgzX0FUbTJ6SW5EWjJzUUNDT21GLU11QnMxNFJYR053bTkzQ1UxakhkNGI5RFBBcVg4M1hsVENiak9zdkNBYmh3cHEwd3pZV0Q1alBQR0NQMzhSTGE1enFJX0tHNDdkYmNaZ2dvNUtuRlgzN1NDN0syM05RYmVzY3U2NmJFRXJ1VFBSZGdPRjI4dtIBlwFBVV95cUxORDl1QUNHWkRHR0dUNXhqNm1vRjJqM3lTajFCam12YVN4bmx4dWp6a092aEREQjV0eEQ4WnV4XzlwYmhEMlZDM29XbnpiRGZkLTE4RFk0UXkxWXNwT250bnRTUHlpR3V0dUVYWlJnc21kdFBmWmlkTDBvOEVUNG45UmVYZzBsSGs0b3pwbi1ESFg1RDcwR1Nv?oc=5,4
news,MTN,banks mtn affected subsea cable damage causes internet outage nigeria thecable banks mtn affected subsea cable damage causes internet outage nigeria thecable,-0.8225,0.0,0.652,0.348,negative,"Thu, 04 Apr 2024 18:16:50 GMT",2026-05-02T15:44:18.891324,https://news.google.com/rss/articles/CBMimwFBVV95cUxQUHNFTWZCdy1TeGhDMWRsWkN3UUZNN3hsVVFYSHJGX2ZGSVR1QW13MEJrc0p3bHQtY253a3ljbV96ZDdyRk45ck1NZFRCaVZLZm1wZmtzYlJ3akxNVjA4d3lQWXhwVDNjYTR4SEVRSTZDMkNNaTRZS1lKU1FxZWd2b3o4cE1IcWtpanlNX0k3MW5DYXdMN285Ry1Xbw?oc=5,4
news,MTN,mtn launches business internet smes uganda techafrica news mtn launches business internet smes uganda techafrica news,0.0,0.0,1.0,0.0,neutral,"Mon, 18 Jul 2022 07:00:00 GMT",2026-05-02T15:44:18.891324,https://news.google.com/rss/articles/CBMikgFBVV95cUxNeHJsc0pYTG9aT2ozSXFpenlwbVAwZXNqR3ZlTFJlMEFwYWtVN0lRRFc5UDZtWG1XTHZ1Qm9qR2NEOUpfNF9mVVdwbGlwcTFoRE5uY1J2aHg0S19CcHJ3Zk5zQlU0SXpuS2M1MmlzMUZ1YWgyR0dFRzhoNVlZZ2lGZkxoMm9xYnJSVjhPcVN1RllfQQ?oc=5,4
news,MTN,one reply mtn data subscription delay leaves customers frustrated stranded fij one reply mtn data subscription delay leaves customers frustrated stranded fij,-0.886,0.0,0.612,0.388,negative,"Tue, 26 Nov 2024 08:00:00 GMT",2026-05-02T15:44:18.891324,https://news.google.com/rss/articles/CBMikgFBVV95cUxOSmJIY2FwTDVyWFFESjE2emcwRUZDY3JGVlE0LUp6bHZ4bFU5V1pHVnk1d2duZ2FIdno4WTVLLTZNaEc2czdZWFRqelV2NjYxOFE1Mkh6SDUzN2RFUXl3THIxZXZGeG5NV3FUMklBV3dhTS1PN2dKV1Yzc19PbTNWTFhNTmhsMlRHLW5BR09IdDgtZw?oc=5,4
news,MTN,mtn wema bank opay top customer service index 2024 business post nigeria mtn wema bank opay top customer service index 2024 business post nigeria,0.3818,0.141,0.859,0.0,positive,"Tue, 11 Mar 2025 07:00:00 GMT",2026-05-02T15:44:18.891324,https://news.google.com/rss/articles/CBMimgFBVV95cUxNak9LcVdOR0I0VmEydmpBb3JsWk94MlJxVnhVRzZPSWdPd2FkT21hTVpvTmJhTlhuSlQ3RXFUeTRBWVdpY1VmRHE1eEZqVFF1MGRYdE4wRjdrZlprSVBySmFSSXpZMWducFZkVzdHS0ZIOERnUXZzRXJGZ3N1X1BKZ2JlUmxPQnpSMUM3eFRSWkRGMy10OE81SmlR?oc=5,3
news,MTN,mtn releases cheaper price plan specials home internet service stuff south africa mtn releases cheaper price plan specials home internet service stuff south africa,0.0,0.0,1.0,0.0,neutral,"Tue, 01 Apr 2025 07:00:00 GMT",2026-05-02T15:44:18.891324,https://news.google.com/rss/articles/CBMieEFVX3lxTE5qMGxTejBiUHRZTXFJTEJSbHNob0FDY2NnY3V5ZHJRTmxSV1FaVGJmOTZQVGZVaDN3a0h1NVlFSEprRXBwazZMTHVrbU1NZm5YeGdHTWtVSzQtb29DV19LRDZqUlJXWkNSajFBWU9vU194MTFCWGgxRw?oc=5,4
news,MTN,mtn uganda elevates home connectivity new wakanet pricing speed upgrades daily monitor mtn uganda elevates home connectivity new wakanet pricing speed upgrades daily monitor,0.0,0.0,1.0,0.0,neutral,"Fri, 01 Nov 2024 07:00:00 GMT",2026-05-02T15:44:18.891324,https://news.google.com/rss/articles/CBMizgFBVV95cUxQcjNpZkNndmpHS1B4QVc0MnhSd0h4R2dOQjREeXB1VHF4LWxfUnU4WmZsSWFnVzl2YXo1Nm5Mdl9MU3FrYXh1U2QtUW9TcjVEUDJBVWdrMFhJWG05OWtlT2NZLUhmTEtmYnRhMlJRNXpEaC1Fb3ZVY2V1akJaZktGMURIZDhOUWM5RGVHbHloRGhzM2JmanpqbmpIYXRCVVVReEM1OUM5QllxWkpSVEZDNnR4X01ROHVMOElSZnBtbjk3YW8wdktBWkh2ZzVJZw?oc=5,4
news,MTN,mtn revises wakanet home broadband service offers price cuts speeds tech magazine mtn revises wakanet home broadband service offers price cuts speeds tech magazine,-0.5267,0.0,0.833,0.167,negative,"Fri, 01 Nov 2024 07:00:00 GMT",2026-05-02T15:44:18.891324,https://news.google.com/rss/articles/CBMigwFBVV95cUxNTHVhNVpDWjdWdmRYYzgybDJIUXZxQ2FqMFF1aXlvZHBHTm9nUi1TOHozSzQ4WW9lcW5uc3cwNGJFZHA0TVJPZ2U1aDhJUE10Wjc4aG4yNWVHQWJ5Y0ZWWjRqZGFQbV93Q0syOVlESEw4ZjhodlAzU1BKVHZyMWdTLVFZVQ?oc=5,4
news,MTN,mtn uganda finally launches unlimited data bundles prices speeds dignited mtn uganda finally launches unlimited data bundles prices speeds dignited,0.0,0.0,1.0,0.0,neutral,"Wed, 05 Jul 2017 07:00:00 GMT",2026-05-02T15:44:18.891324,https://news.google.com/rss/articles/CBMibkFVX3lxTFBENWFyYWZWVWpWWVV5VTFGSDE1R09ib3lFejBNZWo4dVNNS1JGQTgwUU5LaThKbTNKWWpMaF80R3djY2VYRjNBZFYxRFBtREdMa3Q2dW1vUC0wM0FmRVNBbjFxQWdkSk1FZ2w3OVdB?oc=5,4
news,MTN,mtn customers lament communication blackout punch newspapers mtn customers lament communication blackout punch newspapers,-0.7184,0.0,0.667,0.333,negative,"Sat, 08 Feb 2025 08:00:00 GMT",2026-05-02T15:44:18.891324,https://news.google.com/rss/articles/CBMickFVX3lxTE1rLWN0Zi1vNXhrT0hBMjZSZ01UU2kwdVBHZk1IdDZkSG14Vl9NV0tMY1dVQmt3QXdSd3ZYSFpmd1JNd1M4WnJjdXhRQkd1R3RkamtIQVhGb2xCUWRoX2dhdm9kMF9TUmtlYlRSMkV0X1V2Zw?oc=5,4
news,MTN,mtn uganda launches one stop service centre naalya telecompaper mtn uganda launches one stop service centre naalya telecompaper,-0.5267,0.0,0.784,0.216,negative,"Mon, 16 Jun 2014 07:00:00 GMT",2026-05-02T15:44:18.891324,https://news.google.com/rss/articles/CBMinAFBVV95cUxPS25Oa0VydkdSYnFJNk9ZenFfQlB0T3RqU2RXZThSWXJObnFkQkk4dFBEcUhjcWVXcmR5RkNqRHI4dHlTb3FmRW9GdENEazBqeWc3NUN2SVdtTGNYay1ZQm5waDl5UDZXNFd4U0NLMVFKbkltRzRRTVJYM3hZeVhIOFY1ckhVSFk2MVFrZTZaekF3aXhONmNJYXJmNkY?oc=5,4
news,MTN,wrong mtn data bundles uganda radionetwork wrong mtn data bundles uganda radionetwork,-0.7351,0.0,0.617,0.383,negative,"Tue, 26 Mar 2019 14:02:17 GMT",2026-05-02T15:44:18.891324,https://news.google.com/rss/articles/CBMifEFVX3lxTE1VQW05R3JwUi00QTZ0RDNKT1NtenkxalQ3WHAzSTF1dF96Q0E5Q2drR3BVblJrNFJ3TWhUWjVZTkVsWjdkRE1oekxWWmc4ejZGRGQ3LVJldDJQTWgyZkg0NmdsV2w2WWJsLXJPbHE3OWJpbHlYWld0VzNmVW0?oc=5,4
news,MTN,2022 featured mtn refunds internet data prominent customer connections ncc fij 2022 featured mtn refunds internet data prominent customer connections ncc fij,0.5574,0.187,0.813,0.0,positive,"Mon, 03 Oct 2022 07:00:00 GMT",2026-05-02T15:44:18.891324,https://news.google.com/rss/articles/CBMimwFBVV95cUxOR3NOcUVwRGNqeFkwbnE2dlZianlHcnJZby1SWFh5OGRyV2tzdW8xMTFES002MzR3dUZza2dQUzJEbW80cUZ6ZnZjSW8xN0xPOHBRbDhFa0t1S3Ziekhqc0VXZ055XzMxbnRnZ0lSMEpMZDZXRnFEcXc0ejdSVm5Lc2h6V2V5QUNVMHYwMmE2M01YTzBfWjBjMGgtTQ?oc=5,4
news,MTN,mtn remains focused enhancing digital experience customers news ghana mtn remains focused enhancing digital experience customers news ghana,0.6369,0.245,0.755,0.0,positive,"Wed, 17 Feb 2021 08:00:00 GMT",2026-05-02T15:44:18.891324,https://news.google.com/rss/articles/CBMipAFBVV95cUxPb19vVlJRdUZ3S1B1bzh1ajMtc21MNGJ0NWkydnJVUzhtOWlYR1JOZW04WVZMMmdhQWFfeEkwYnF0QkEwNG5XQlUxNEJtSTV5MVJPYm5fY0Z4QklEMERpUWp0RUowcXNsb0pNYWMtMWlUdXN1Q0hJaExYYURJSkRoZGFaQkdFTmhzNGhpTlBNd25pZ2ZvRFI4a1FIejIzTjY4UDI2RA?oc=5,4
news,MTN,gigzone mtn launches uncapped wireless internet day techcentral gigzone mtn launches uncapped wireless internet day techcentral,0.0,0.0,1.0,0.0,neutral,"Mon, 31 Mar 2025 07:00:00 GMT",2026-05-02T15:44:18.891324,https://news.google.com/rss/articles/CBMifEFVX3lxTE5Hb3Jua1NURC1iUzAwVFpmSUJHTjhlaGZmRUp3Q2lxRHZPYU1yOXRMWUJ0N0gzc1p4U3VsWWhhLTBpeDRNNkY1M2tmV1JGMTAzRGZBaHpFYVE2VUFTMkFlWEdCZFJZM0Jma1UweEQzeEZvNnFzc0VOTGg0Vjk?oc=5,4
news,MTN,mtn uganda bringing unlimited internet high speed dignited mtn uganda bringing unlimited internet high speed dignited,0.0,0.0,1.0,0.0,neutral,"Sat, 10 Jun 2017 07:00:00 GMT",2026-05-02T15:44:18.891324,https://news.google.com/rss/articles/CBMid0FVX3lxTFBVaE5KbnNGaUpjY20zWjJQMDZSWlg2aUtrLWVfUGtkTEdHNlczNmFqMHR1R2Z4MDZLbmpVcG52bnlZNUpfR1pFaTRXUnBjdktpeVo5WHRkM0gzdDZyWmhETVlWRkNmY3d1WnpCLU02emNTM1oybHh3?oc=5,4
news,MTN,5mbps uncapped mobile internet per day mtn mybroadband 5mbps uncapped mobile internet per day mtn mybroadband,0.0,0.0,1.0,0.0,neutral,"Mon, 31 Mar 2025 07:00:00 GMT",2026-05-02T15:44:18.891324,https://news.google.com/rss/articles/CBMiqgFBVV95cUxQdk1peVpSenA2QXVleEg2am9zUmV0MmJtd0Y2LW1LYlV0cmZjSDRzZVZrbURpei1laEVkc2RVa19qME1taVN0aGRHU2lhT2xGdEJ6UFo3Wm1lM25aV3JmbVZUWVc1X1BxTUZadjRyUXVtZnZJVjZzeTBwM3lwamJDWnlHc2xLS3F0UEJDaXdXT09MMlgzaDhDbFBVMm9jSXVRNXN4OVlTZ2JPdw?oc=5,4
news,MTN,mtn ghana introduces data packages prepaid customers tech dot africa mtn ghana introduces data packages prepaid customers tech dot africa,0.0,0.0,1.0,0.0,neutral,"Sun, 08 Apr 2018 04:14:34 GMT",2026-05-02T15:44:18.891324,https://news.google.com/rss/articles/CBMiYEFVX3lxTE5lUExRc05vRlkySExkZFBsZEZRQ0dhc0Z2dFNkaFdCNUZTb3lKd1JZRm5QbElESi1JNzNsR2ZCY1hNeXVvMksyRVViTllmWlFKOFBWUWRzZy0yOEhKMEJ4TQ?oc=5,4
news,MTN,mtn enhances data experience customers launches service graphic online mtn enhances data experience customers launches service graphic online,0.0,0.0,1.0,0.0,neutral,"Tue, 19 Mar 2019 07:00:00 GMT",2026-05-02T15:44:18.891324,https://news.google.com/rss/articles/CBMiuAFBVV95cUxOa1hJTVhhMXNndzJiNjc2dGxHMWxOLTdHM24wQVJjYWpKNHZkT24zTHN3YXZwdmx6Mk44bmItTW1EdjBDOE14OTdHeXNDMldLNTgtMUhOV1Y0aGZzYWZrRGpHSWVoWWJaMEIzeHNRcUl0a185LUFwQVJ5NVhYOWpVa1hlNG16OHNBZUtndGVBRHp3cUhobU82OUFtSXNxQ1JlaWNxRWlCWTRxS3Q4cGR5d0J4cGM0Y3Ny?oc=5,4
news,Airtel,best ways instant airtel customer support connect airtel best ways instant airtel customer support connect airtel,0.93,0.535,0.465,0.0,positive,"Wed, 15 Oct 2025 07:00:00 GMT",2026-05-02T15:44:22.373897,https://news.google.com/rss/articles/CBMigwFBVV95cUxPWVFuUFpvNTAxSmVCQXlqM3lLS29yT0JReC15OWxmYjZubVpyc21lVjg3aC1FejZIdjd5RjBwY0VVSXQzd2tXRWNsMmtnbEduZ21qdDZyaUJoVEh4NjMxMVJUZTgwUndGMXU4N1BKT0IxdVdXczRnRU5nN2I0dnd4aHFGUQ?oc=5,1
news,Airtel,premium services premium neglect airtel user satire site forces response poor customer support complaints ndtv profit premium services premium neglect airtel user satire site forces response poor customer support complaints ndtv profit,-0.7506,0.22,0.433,0.346,negative,"Mon, 30 Mar 2026 07:00:00 GMT",2026-05-02T15:44:22.373897,https://news.google.com/rss/articles/CBMisgFBVV95cUxPOHNlMVZVUkpTTDRxSjQtMl82LXV4OEJyZTJkT3VjYlJubmxfUFFpMUtqaUtSY1pWcVBpczA2RHB1QzdITWRHM2dqUV85X0l3NGd2RnNCV2tkLWJPTVNYckNHRE9iQTBOYy1QdDRHeXRZTXI0X1phYm5wVExaS3NtUHhUc25KYUh0VHl4cWE4Zno4X2VRQVg0bzBMYlhpMEsyTkNEV2k0WHRSY0FwdEVPLWR30gG6AUFVX3lxTE95NUxLTGhaSEpuYmh0T1dyZkNNTVh2OGZpaE1lWHgwa3NqNDc3ZXAwYXpPS0pnOTZZaDNTZlU5aVZqdW9sUmt2RWJPMHZkY1lEeVFTNDQyUHRXQUduM2hrYXVpekxrRVVGVE9GRmFOazdDdV9Ld2ZuUDNBNmhxWk9aN0g2bmR3MUhtNHIxM3pBMTI3TEk4OUF3V3VzNENZX1dSOEI4RXZYMkV3Z18zNDBGTWN5MDZBb2tXZw?oc=5,1
news,Airtel,raise complaint online using airtel chatbot thanks app step step guide airtel raise complaint online using airtel chatbot thanks app step step guide airtel,0.34,0.192,0.662,0.146,positive,"Wed, 15 Oct 2025 07:00:00 GMT",2026-05-02T15:44:22.373897,https://news.google.com/rss/articles/CBMilgFBVV95cUxPaGhTbkwwd2dmejhLRW1tbkZxZ216RmlqOHg3RmlfSXVxeXgwWVFNOV9HS21LSnJUUXVRT1hxSTM4TmxZVi1uNXIxMnR6MjBYVkNCX3A2Mm5hU08tSUpMNVV3VFF6SDBtRnNtOUV5V1dPTjdxLXplcjRJMGpSYTdTUG5kUDMxaXhPaEhtMENES3hMaFB4cGc?oc=5,1
news,Airtel,airtel broadband internet connection best internet service provider choice finchannel airtel broadband internet connection best internet service provider choice finchannel,0.8555,0.318,0.682,0.0,positive,"Thu, 29 May 2025 07:00:00 GMT",2026-05-02T15:44:22.373897,https://news.google.com/rss/articles/CBMi2AFBVV95cUxNN1lld2ZwVUZZd3R1STI1SzJ5NE1NN1IwcmpfSTd2Zi1qUkxWV0tUanBaZWhYYWFiWGJrdFZUSzQtWHpXenJRcDRET3llTE5jWS14blhaVXZKbEJKeGNIc2Z1Ylp1QU5fczhTdHN5blhySnVpVFJVRHVXZ3pPYW9tTWxhcFJNNG1HTjVHc3BrMlctaHppYVJEWFA2Y0RBNnlzTlBaRmRxUTlMekVrcWF1WGtqWmt1ckJ3REhScGZEOHZkNzg1emdaemp1WnM0TjV0b0Q0VUhmOVY?oc=5,1
news,Airtel,airtel customer care numbers 2026 prepaid postpaid dth broadband bank support india news airtel customer care numbers 2026 prepaid postpaid dth broadband bank support india news,0.8957,0.349,0.651,0.0,positive,"Sat, 10 Jan 2026 08:00:00 GMT",2026-05-02T15:44:22.373897,https://news.google.com/rss/articles/CBMi3AFBVV95cUxNVEx1bF91WnUxbWJZYjFMa2RIU1lhWmdISmNCLW9WbENCRDB3djFwVmhITzZzU1VYWk1TS2ZFOW1Kd2VMbVpEZGUtbUNpa3VZSUhPQ01yN3kwYkw5VDVTVXJwS1d3TFZOZHdlVjJqWXo3QVpseGhReVBmcmhPNldLNF9URkw5R1JkV3NPNEp0MTFWd2V6cFJrdUtWWHhaZlRHdGs3blliTE5UR2RDUkZ2Q2xMQ3pMNjd2R05aMGJXQm5nVFFGdkx5UDBDVWNTMVMxeFNaMEhoZzdZajlU0gHiAUFVX3lxTE1jaG80TFNMYzF3NUI3ck5OVXBrTnlkYXlkNHFhS2hPSDhlVkdfMW5XRUdpTm9FY2RQZUhDVWQ2S1hhT2hWQXJTU0Jfdl9qUXd6TTBiMi1QbTZ0bVljZXJHUzVXOWd1bUZ5Smw2amtna3dWd3o5OC1mdzBmRzlMUW53cFBTUkVOUFB6SkI0THBOXzZ1TWQ4Z3NJTGtIREk0aDRERFV3YmlhbUZKQXBTR3pNdi1fakFENHZUM0dIbHRJWERxOXZaLU0wQmpvamxvT0Q4MHIza2FKa3NLVTJqbVg0SGc?oc=5,1
news,Airtel,airtel server services hit six hours across karnataka new indian express airtel server services hit six hours across karnataka new indian express,0.0,0.0,1.0,0.0,neutral,"Mon, 25 Aug 2025 07:00:00 GMT",2026-05-02T15:44:22.373897,https://news.google.com/rss/articles/CBMiwgFBVV95cUxQOXpScG9tcGVEbGxPYmxuMVpURTBVSHY0RmYxXzFFdmphZVVKbl9RbmtreEJIaXc0dVFTS3hUZTRCektIQW8zMjFJYmROT0NhQjV6RFZiX0M4MmhtZ3BxaUprdFEtdGhxRVlQY0xHVFhmNUU3WnkyUWdxYjFtVVFPaG1qdnNDbXllUHdxcW9ySHBGSlJ6WDBONVRQQVdZTWJET01hMHlmeXVOcldyUVZUQTh6eXhWTGxNQl9OVHpnVFVDQdIBzwFBVV95cUxPSmhfLU5qaVk2ZFdRcnMtekotR00yQ0M3VmlILV9MdFdTaktzLUw4MUhfOUJzYi02N2M0S0dnV3dRSzhqZjVWMklLNUJJRUhNMC1hMEMwcG96dW1UbW0tR19tdThDVENMbnZCNWNlb2M3S1ZyWklfZHZuTnE1OFFIaERKc2R0WmUtVmJjck00UXJuMElzQmlaREk4QzN0V1VQNC1YM1ZQRWNiR1VOaTctME5SbjBDU0FWTFlMbXlCVzFyRWlnVjR2elM2Xy1iYzQ?oc=5,1
news,Airtel,airtel jio networks crash major indian cities outage sparks online meltdown india news hindustan times airtel jio networks crash major indian cities outage sparks online meltdown india news hindustan times,-0.6597,0.0,0.838,0.162,negative,"Mon, 18 Aug 2025 07:00:00 GMT",2026-05-02T15:44:22.373897,https://news.google.com/rss/articles/CBMi3AFBVV95cUxPZXVNcVZmVGJYcjZLRE1hU201T1QyV2dXaUkyNldCa21Kb1dkQmh0dGlTcmE5VWpCUFlrckg0MlEtekhYUzFsai1JVENsbVhYTDUwZHBaSWpRNHE3NUxDd3lWSnR0eTdjSlZhR1dudkNzTWVNT1VhdS1sQmFGSmV2bDd5R24yeW5OZEVXMnpZQ0E2RnBHNEZjR3pWS1BzWGhDbFc5SmpGemNydVZ5YlAzQWszLWlpVGhPdzY1VzRMaTdlZnNZbERWWF9kWlNKMFBqamRMaGdrYzJrZGVF0gHiAUFVX3lxTE4xQlFTSnF2M0ozc2MzMWN0VDh6R09jbWNSQmtZRW5JdXhOLUs5RWs5R1M4R1hBRFZzdVJadDM0Ym9YMC0wRXBwMHpRYk92Y1hRdDFGdDVXNEs4UlVaTVVKQ1NkOVNWdGtVUW1SeTJMU08wQkFld0VCbWtZcHdURFlPTWp3T3VHV3BLbk1PTjhxWXVEQmUtcDFZclZVYWlrNHJuZzdIZDNuNlVrVV96WnMyajIzNkxuQWdEV3lHbE44bEFJcXNVVHJVWkhvQ2IyWHpWeVAxMm4zSm9VTmtSTjhqLWc?oc=5,1
news,Airtel,airtel network across india thousands complain signal call drops slow internet odishabytes airtel network across india thousands complain signal call drops slow internet odishabytes,-0.6124,0.0,0.815,0.185,negative,"Tue, 19 Aug 2025 07:00:00 GMT",2026-05-02T15:44:22.373897,https://news.google.com/rss/articles/CBMitAFBVV95cUxOajNFUXNqcWxEaWdRdGhydHdlSTF1UGhBbFdMem95MzhFTC1Pa1NEUkFmNzBULTJQZ2lkYmFhVU85M25mQ0lVX2lHeDNqa3J2SjVPcTJUSDVWclkwSm5WNGV1TG1ieC1feUNRbFU4QTYyQUxmMlBMSlpDMHBHWWZWeUNnVWlkX3lXeWQxd2tMZ0xSb25OM3lUMS1TWGlsajZWZWdYQUx5WU5SWWM3NlVwMHczcmvSAboBQVVfeXFMT0otcDB1Zkd0TkhxNmR6NGZRdVlBSmoyMEZaZnVQQlF0MW51a3d0N2hyaVAxdkotQWhpWndGY1hhYjdOcHFEZl9MR2daT1FhYXlHUTZaZk5jSWtpODJsSzZITFM4T3RILWVOSkZxcjlUaXlEMGl6ek9IRFBxZWR4RzNJbTRWUzd1ZXF0N3Z0RHh3U2V1Zy10dmNfY25iUmNncmpiR1RqaGd4VjJMM1hTYXNLRzM3VUdUZi1n?oc=5,1
news,Airtel,airtel users across india report mobile internet outage financialexpress com airtel users across india report mobile internet outage financialexpress com,0.0,0.0,1.0,0.0,neutral,"Sun, 24 Aug 2025 07:00:00 GMT",2026-05-02T15:44:22.373897,https://news.google.com/rss/articles/CBMiugFBVV95cUxNWlc3RHdQRTN4NndLS3lHcDBrYWR3NmVIOWM5N2tmQWpneEJQZ2g3Z1RUOHh4ak42WWlMcWZVN2x2NGpjNGduN29fdGZRWXZ4NW54UnVPOVByOU81bWx0ejZsUklrYzNNZElGYVE0WE02MzlMdnk2YTF1VXhOLXI5VTViSWlzRS1faEdubTdXSjJxbDAxR2cxSU5wdXMtUHhLV0R2NXRJeHlsS0t2OUF3LUNmWlBDa3Q0d0HSAcABQVVfeXFMTnNHamJjRzIzenc4dHFTTEdPUjNkdHVDLVczM1NHQ1kzQnUtZXBoWnhHUURTR2N6eTBiVzNhTzVvMnRSbWhyTl81c0RkYmJwYlFzZ2p1aFNwRnI3OExGUkw3T1k3cXRFb211UkZHbGxnSVJFckZ5d3ZSSDFQZUtrZHpSUm9jWEdXVExHZE01Yk01cVhJWjdIbUFxYUJoRVBrTnNRWnRYSE5DbWxMVzZtVTcwWG4taVFndWxYU19DWHR1?oc=5,1
news,Airtel,airtel network delhi people face trouble making receiving phone calls hindu airtel network delhi people face trouble making receiving phone calls hindu,-0.6597,0.0,0.787,0.213,negative,"Mon, 18 Aug 2025 07:00:00 GMT",2026-05-02T15:44:22.373897,https://news.google.com/rss/articles/CBMi3gFBVV95cUxNTlVNYjgxTE5yeTVtUnROMWtaMEc3YjZMT2ozMFM0TWNEZGFvOTc2Y0szV2FBbjYwQWFiRDdnQUl3SjYyUGZwNW5ucnJpUXhyQVNYZzMwLXVlRHhaNzg4ejl2UFFVT0xveDZ4WVRIZHpQM0tKMV9wTTU4MUxUQ1pKMkVEWEFGbF9BUlZnLVVjcW9ZMFpvR1lTaXFlYVAtb0dHUkxsdW9ZY1p6X1AxWmVFRnNHUElGR1NrMS1KRUw2MURYcEQtY2dBenFqMDlXUFg1dFlUMG1MQ0ZUX1hNM0HSAeQBQVVfeXFMTlBrWVA3aEEtYjczcExBNlV3OUxIV1hGNWpMQ0pIZHhPVHJWbXFxcTFqQXNIVzBaUHZCTkhqRkp0dXcwX2puYVJBUnhyYlp5akxYRnotT2dVUUZRZzVIZmw1RTBDVnR0bi11Qklqb2x0eHhuZVRFT1prMUsyYmtkZnlhc3ZNU0l4LWJHYXBSeDF4OG93OXowU1lPUUEwb0RLNEpheWJScmpIclpPemQtS21fbDBhOF94ek90UkJuYTBCVjl0cWprUjR2bG5GOURQNXB3OXJLWERHWVJiSmdUU2RHejRp?oc=5,1
news,Airtel,airtel faces fresh network outage users bengaluru chennai hyderabad affected pragativadi com airtel faces fresh network outage users bengaluru chennai hyderabad affected pragativadi com,0.34,0.165,0.719,0.115,positive,"Sun, 24 Aug 2025 07:00:00 GMT",2026-05-02T15:44:22.373897,https://news.google.com/rss/articles/CBMipwFBVV95cUxOX196UTMxT2hxMUlEYTZkbHRDY01DcmFqeVFEbkZ6NmE2YzNiU2MxVWVIT2M4RUEtbFFFbzdYVlViTjl2cXlqMHdIaUxPcjg2M0FuQjUxczZCMDNsZEZseVd1a3BuaEVlQUVqMDdmb3JmVy1kdU5VT3o3a1hOdDFQV08wQm1Jb01zdm1aekVaUE9tZmdvdHRhelZNdVdQR2E5OUROYTB6WQ?oc=5,1
news,Airtel,ways talk airtel customer care support airtel ways talk airtel customer care support airtel,0.8957,0.541,0.459,0.0,positive,"Thu, 20 Jun 2024 07:00:00 GMT",2026-05-02T15:44:22.373897,https://news.google.com/rss/articles/CBMijgFBVV95cUxQRzFIR1RvbFREYUREUFdLY05sUnV4NGJoTVZTVU12bmtTckZzcmF4cndnamxjSlZOXzRMMXBnSXlCTzJtZ3hKU3JDeXJUbzN0YXJOdmNLekNhNVhCdmhlOHdMVERvMWVDeTZqZ2lPLVktdEhVbFFkV2VkV241d2YzVVZWVTNDd2RnU3g4S1pB?oc=5,1
news,Airtel,reach airtel customer care executive airtel reach airtel customer care executive airtel,0.765,0.518,0.482,0.0,positive,"Thu, 20 Jun 2024 07:00:00 GMT",2026-05-02T15:44:22.373897,https://news.google.com/rss/articles/CBMilgFBVV95cUxPdkRKR2lPQnlFMldBMW1xTlhqVVRLb19TaFItRXo3WFo2R3hLWU1ZVUpwdHF4RVVMelpiUzd6X3BTODJJT2JmcElFZE52N3VZVFd1ZENMOHBUYWNrQ0pqWXBTZDl6ZTR5c090VDY1MmszRkxNTDZqYmRSdTl0TG0zd1JNS1VCWnFkRmk1bjJuQ09XYzBmNHc?oc=5,1
news,Airtel,speak airtel customer care travelling abroad airtel speak airtel customer care travelling abroad airtel,0.7506,0.348,0.652,0.0,positive,"Thu, 20 Jun 2024 07:00:00 GMT",2026-05-02T15:44:22.373897,https://news.google.com/rss/articles/CBMilwFBVV95cUxQS21SRVVVTVBncW1uYUF1VDRHc3d1Q0prVk53bU05QVJaeEdIYlZrQzNaa0UtTE5QRTdxS1VpOG9CNlBpNkZYZ050UDkyYlZRZGZ3RWNMblpLd3NnRVlvTTdaME1HZkttTFZfd0ZRMm96WWNNNTduRngtNjZpUDhINzdnWE5acmlyeGwzWFRNRHpYcGI2MWxN?oc=5,1
news,Airtel,ways airtel transforming internet technology india airtel ways airtel transforming internet technology india airtel,0.0,0.0,1.0,0.0,neutral,"Tue, 10 Dec 2024 08:00:00 GMT",2026-05-02T15:44:22.373897,https://news.google.com/rss/articles/CBMikwFBVV95cUxPbkdYRmtoMlpiUUI1Y09Gbkp2V3poLVliaU5sYmthTzZOMWtGOEJGVEJTS3ZxdktxYlItamcxQmFLanpxMWh0aEJaWWhCcExjd056WFpMM19TVlVzaVB4cnVjQ1FwQjgwOHQtamtJUTJMeEdfU1N1OE9FMExZVk50Q0lRclpYc0M4YmpXVnZBcjNtS3M?oc=5,1
news,Airtel,budget friendly tips international roaming data usage airtel budget friendly tips international roaming data usage airtel,0.7506,0.314,0.686,0.0,positive,"Fri, 10 May 2024 07:00:00 GMT",2026-05-02T15:44:22.373897,https://news.google.com/rss/articles/CBMiggFBVV95cUxNX2thcjQ5WUEyeXp3cHI3NHgzcFNHNDBJVGhQMGlINFg2bmRwTEVyMktDMTdUQjl3ZW9reHN1RjNKUkNidnFwVnVDOVU1U1lHUzZITl96VFdHd0l2cU0ySEV4SlVNazQzVmJmYXlZMTRpdzV4Nm8xV3RqRUV3WEhGYmVn?oc=5,1
news,Airtel,fix connected internet issues key reasons solutions airtel fix connected internet issues key reasons solutions airtel,0.34,0.195,0.805,0.0,positive,"Tue, 08 Oct 2024 07:00:00 GMT",2026-05-02T15:44:22.373897,https://news.google.com/rss/articles/CBMipgFBVV95cUxQRVk2Y3RmY1huR01EcU1DODR3UV9WRnBBMVUwazl4enF0by1obldNLWRNZUEwQ2VzTlotX1Jhb0VWZWRUbE03MncwMmZoWTUzMTF6RC00UnJsUkg2Sm1veXNMYl9lanpuR0FpR0V0TEIyVllFN09uc25tRllkTXhETGVvd0g0ejZaa2MwQTg0M0NnRGRvQmdPLXVDVHUwM0dYRlBvVVZn?oc=5,1
news,Airtel,change update airtel broadband plan airtel change update airtel broadband plan airtel,0.0,0.0,1.0,0.0,neutral,"Mon, 05 Sep 2022 07:00:00 GMT",2026-05-02T15:44:22.373897,https://news.google.com/rss/articles/CBMimwFBVV95cUxPN0hLUEJQZ050QngzbW9PODFEQmdNS18tMXJCNy1FdlhfZjNwVUM1aXFkZXpnSXVQVmxmR1JWVndxZV9CT29aNVJMZ2NIWDhIMWZjb1NTN1luWWlZVkktejM5c3hnT2gyT2ZFc2tQLThoZjZ3bHF1aWdvZEp3bjhLZXRvUzZabWd2Y3VZUjJTdTU5MWhJTUE3LUxoQQ?oc=5,1
news,Airtel,tips check airtel number validity airtel tips check airtel number validity airtel,0.1531,0.206,0.794,0.0,positive,"Wed, 27 Mar 2024 07:00:00 GMT",2026-05-02T15:44:22.373897,https://news.google.com/rss/articles/CBMic0FVX3lxTE1GNmp5OGhQNnY3WUpfalA1bHdfREVuVG1KQkpIYTJUTWR4dUtpdVpaUjdROGNCdGUzTVJoSGJZZHFVVUF0eWxMbS1oendmeXBuajRtSEhsams0cGxCbmxTVklnV2Q2OGJCbUk4TTRUN01XbGM?oc=5,1
news,Airtel,reasons need airtel xstream fiber fastest wired internet service provider airtel reasons need airtel xstream fiber fastest wired internet service provider airtel,0.0,0.0,1.0,0.0,neutral,"Thu, 02 Sep 2021 07:00:00 GMT",2026-05-02T15:44:22.373897,https://news.google.com/rss/articles/CBMixAFBVV95cUxNdFNkSF9wTFB0Y0R1SzFCYkFQR2p0aHk3ZHdweExRMlFQRUlVbWl0WUExQzItUFQzd1ZUTUpxT3N0OEZqYlBYWnhzVXd4OTFhWEJJV2VKSzZmbnJJTHRfd1g3aFVSazBKbHNPNHA5QnRQUTM1d1hiWi1MNVFaSGdPMlN4N2NtSm8yM0lvYjZ3U0N4bDY0aXBGaTZTejhHVzhUTHkxLUVuekxEM3FiclByTVNlRjJ0T0tVMFZTcnowcERJZXBm?oc=5,1
news,Airtel,network troubleshooting effective solutions common connectivity issues airtel network troubleshooting effective solutions common connectivity issues airtel,0.875,0.565,0.435,0.0,positive,"Tue, 17 Dec 2024 08:00:00 GMT",2026-05-02T15:44:22.373897,https://news.google.com/rss/articles/CBMingFBVV95cUxOSC1qWU40M2FoUWJVdlRqY0Z5TENFZ1RGekRkZ3ZzbkFKeHNVM1FVMHVKNDJGTnVQMm1zam9HNlJQSGc0dC1acXAxNVc0UFQ3WTJsVF9kMEpoY2U2WHY2ek9uMU5CWU1aQkVIYjl1SzVtcl9WX1RYaGp4SnVZdGhoQTdnRGVjbWdzMTEtcHRIZDVkUUFLaWhzZFF6czhDUQ?oc=5,1
news,Airtel,business internet startups budget friendly yet reliable connectivity airtel business internet startups budget friendly yet reliable connectivity airtel,0.7506,0.286,0.714,0.0,positive,"Mon, 07 Apr 2025 07:00:00 GMT",2026-05-02T15:44:22.373897,https://news.google.com/rss/articles/CBMimgFBVV95cUxQazFYQjdUWjJPNS1TTXA5MTI3VFdzZjQzaEctQUJjYnhCdWpHN0J4elhZZEk5M2hLYlpvLWhFbW0yQTBXZEVQVXJnUDJXNUN0QlVXZlZaSlI4NmhXS0Q1dmxFR0hWSkh4ZzkzcE0teERRM1U2REttUjBRZXRlaXRvMzdwRlljaWpTcEdNNHdxMmUtR094TTl4VW9n?oc=5,1
news,Airtel,man buys airtel domain builds savage site exposing customer service frustration big twist logical indian man buys airtel domain builds savage site exposing customer service frustration big twist logical indian,-0.9371,0.0,0.594,0.406,negative,"Thu, 02 Apr 2026 07:00:00 GMT",2026-05-02T15:44:22.373897,https://news.google.com/rss/articles/CBMixAFBVV95cUxPU3VuQ1A5MjNlTlVXQUdhR0ZKUTBCLW43aV80N0lkTGo1WldBd3VQTDNXeXZrQ29WUnMtQ01TVzhEWWVER2NETVJzTXR1UkI0bnN3dDA1bV85TkhrUmNDY1d0S0ZPNGw0UzhQdC1zNFUybmhTbnY0c2Zna0hhSnRBUjVod05NeEk5MkVRUWZ1TU9hTktEWmlFM25QMGxma1duRkNGQ0xPVHFtN3dhWERsM3A5NkdWTk9jMDh2LVdta3V2ZDJP?oc=5,3
news,Airtel,reasons airtel xstream fiber best home wifi needs airtel reasons airtel xstream fiber best home wifi needs airtel,0.8555,0.344,0.656,0.0,positive,"Fri, 28 May 2021 07:00:00 GMT",2026-05-02T15:44:22.373897,https://news.google.com/rss/articles/CBMiqAFBVV95cUxPbjV2by1sYURscWtWMlMyRDNDWldYTFpXT0d1dEc3NzM3bGRTZ3pFM2MyZXJRMDhmVDZQSEpRVldTdHZralV1Q1ZwaGJIclZWQVNZU1c0bUdjcjJ4UmRxdFR4Y1NNYnQ2SmhiVVJJSGJNYmxJOU5YQV9kNmlyVjNTdFlFLW5SUGlXeGJBcmh4UHpNcGJYMTlmUWtQRjNEZXFndE5lb2FET2c?oc=5,1
news,Airtel,ultimate guide airtel unlimited data add packs airtel ultimate guide airtel unlimited data add packs airtel,0.0,0.0,1.0,0.0,neutral,"Thu, 18 Jul 2024 07:00:00 GMT",2026-05-02T15:44:22.373897,https://news.google.com/rss/articles/CBMilwFBVV95cUxNbGRaRUlQYTE0YXdDY3JjcGoyQWR2SWx5dzNvajMzUG9QY3Q3cnc0LUpydHF4eHJ6eFFjMFJ1enRBamliS1dtQnpPTFBiWjRUN05xbkpNaUEyajEwdWZnblhnYV9ybGNodUhTSU5EdHFpdG5rZTVmMEhEYklzZWR4RmZHQ2RCakpXUVNBandtWjRuTDBoY2hj?oc=5,1
news,Airtel,explore exclusive offers check airtel offers thanks app airtel explore exclusive offers check airtel offers thanks app airtel,0.7783,0.386,0.614,0.0,positive,"Mon, 11 Mar 2024 07:00:00 GMT",2026-05-02T15:44:22.373897,https://news.google.com/rss/articles/CBMiakFVX3lxTE04dVEzR0xlcTFlSW1aZGx5aERKT09CMG9lNThnOFJLcnJxbm5KUTJkWFBDNVFDOTFGX3JhNWQ1SHVTYUVXOWpRQ3BjVWpzbGZoT21kNHpzbWtpVVdpRjhIem5tWEFvR3dVSnc?oc=5,1
news,Airtel,airtel launches new broadband plans unlimited internet ott subscriptions indian express airtel launches new broadband plans unlimited internet ott subscriptions indian express,0.0,0.0,1.0,0.0,neutral,"Mon, 30 May 2022 07:00:00 GMT",2026-05-02T15:44:22.373897,https://news.google.com/rss/articles/CBMiiAJBVV95cUxQa1pjeHVWM1hoSjFBcWNsNEN4VmF1d2h0NWhuR3o4NWtURjdBMUVzVjdtQmpJRVoybjl0MEhqcnd1YmxSRFNWejZFWWZSLTF2MGJTRmpYeHVZSlVNVXRBTGxpdzRfUkJOYVY4T2JJZGh3VGxxWUN5a0FJempfNWgxSTY3THkwRGFfcXFTUlBiclU2TjlvMmFDVUxRNUJSWGg3NHpQbDV0Y0QwX3Jab2VHZUp3ejFlWnhncFNHYWdnSFI0S2VTcXVNZmx4VzBudFhSbHdBNWw1cUlpc2FhUm5Xa1d5akZVYU9zZmJzYmsyQkFwQkt3V0dQZ2ZkQllFX0F4WG15VEdwWEvSAY8CQVVfeXFMT0pBT3JrcnM0LUsyOVp4cFUtRG9MNUhpYlgyT19KOU9yZy1ycW9LNWJhdEowRVI3d2N2dzJyQ0UtOEdBMlpsWEdET1BGN09JZ0diYXhndFVNSXAzYXlMMHEyZnpDQXBxNUFTQjVTWXRXZTVpcFJlTGdRWUxwYVFHZnkzM25DejdaZFdLV2pjeGpWQzNvd3VYWGlPUmJ0R2FiSENNVTJhNVZON1FLOHpKNTFCcXNzWTY3T3dGR1VFSlU5a2VUWlVpOU84VjhjSnR5Y1JKakpHQ290c2ZhbzZnbzlzcVU4S0tkMHVYWTh5Yl90emJWRHA5WU5CNmNmNlNDY25PNXEyMDMtY2VmVGR6MA?oc=5,1
news,Airtel,guide activate airtel airtel guide activate airtel airtel,0.0,0.0,1.0,0.0,neutral,"Tue, 12 Sep 2023 07:00:00 GMT",2026-05-02T15:44:22.373897,https://news.google.com/rss/articles/CBMigAFBVV95cUxQWHFNS2lrN0ZTZUtUcTM1RGNVblUtbF9rMXJERmtSNVpKVDhDVkVXdUhtZXpTY2dsOXRycDJGM1NYenRodDNsNGdtdW5EMFJLTVdtaW1PNHBZcEJSeS1iUzk2dW9mVzZXRmpyVjdoalVqbjNacFAwcl8xYmJ4VVlpYw?oc=5,1
news,Airtel,airtel hotspot data card plan details airtel airtel hotspot data card plan details airtel,0.0,0.0,1.0,0.0,neutral,"Tue, 08 Nov 2022 08:00:00 GMT",2026-05-02T15:44:22.373897,https://news.google.com/rss/articles/CBMijAFBVV95cUxQMWY0RTNwXzFtS0htVnNjZkJ3YUNwWFNEY1NMNEtWSGtCV3pGOHp4U0N2LTMyMWxVTGdvZ3BFYUVLRWp2c2ZTTmlDWjNyMk51d2VwLThPMVhWeDNZdTB4dHZNUWtPejFVTGZoZ1JkdE1PdWoxSFdIb2stNlAwZmNYQkdsZVVac2ZqUHpzMA?oc=5,1
news,Airtel,need buy new fiber dth plan airtel need buy new fiber dth plan airtel,0.0,0.0,1.0,0.0,neutral,"Thu, 16 Jun 2022 07:00:00 GMT",2026-05-02T15:44:22.373897,https://news.google.com/rss/articles/CBMihwFBVV95cUxPWU9WVTNQdTJGV0hOeGRNZ29HU0ZfX0k2VThuWDd0cTVqMDBEVG1nYjhrOTJhUUd1bFNWeGRycC1nMklLY0FaYVFDaGl4QnhzZVE3QW0xc2x4NHpBUGozbWtqbmlsLXZlS3FmbGpHS0NxREFHMGxYeHFFV1NFUFlMdlNDR0s1ZHc?oc=5,1
news,Airtel,airtel gains 000 digital subscribers q4fy25 thanks iptv medianama airtel gains 000 digital subscribers q4fy25 thanks iptv medianama,0.8625,0.431,0.569,0.0,positive,"Wed, 14 May 2025 07:00:00 GMT",2026-05-02T15:44:22.373897,https://news.google.com/rss/articles/CBMihwFBVV95cUxPdnBscnFpb1MwWlB0ZnUyMHp6WERCeDREeTd6M1NrWWxnTWkxcEd5OGlpX0xULXI2UlEyOU5GYW03R1BWUHJ1U0RoN0VSclVnX2dYallZa2FZajdscW42b3dzWndsWklLcEhUSkxVRmswdFB5ZFJTYm13Q2JVQmZSYkVySDhWSTg?oc=5,1
news,Airtel,change registered phone number email airtel broadband airtel change registered phone number email airtel broadband airtel,0.1531,0.157,0.843,0.0,positive,"Thu, 16 Mar 2023 07:00:00 GMT",2026-05-02T15:44:22.373897,https://news.google.com/rss/articles/CBMipwFBVV95cUxNT3dSN1YtUHdWM2RkMVV0eUJNZExRMjZveEYxby1tZkZYb2NOeW4yNE9na21XemF4Z0hzdmJ2amdYYVptSVpCRnh0M2pFSU9EcWVvTFdYTlZzSkJWZFBhT1pIb1dMZjYyWlVqUmdISDQ3N1hmQl84aHFLSzAybXdDeVVnYzVvNGQ3aVJmclY3aEFjMnlEVTNzdTRsQXBraUxmaFE0YnlIYw?oc=5,1
news,Airtel,buy new fiber dth one entertainment plan premium benefits airtel buy new fiber dth one entertainment plan premium benefits airtel,0.8689,0.403,0.597,0.0,positive,"Thu, 16 Jun 2022 07:00:00 GMT",2026-05-02T15:44:22.373897,https://news.google.com/rss/articles/CBMisgFBVV95cUxNVTQ5VF90dlpjZlBQbV9GU1Q3cllsNnd5QXFGQmtkWHJYcl9FY3BweVA1bUtRSXlOZ1h5TnFjU2lLeC1QZVBaUkZzRTE5RkVJb0pZUkJVSmx6VlNzXzhQTXdBMGEwZE5MZmZkUWtsSXV5dHRucEtGeENrNC1oZEpZSnVEME03SzZ6TGhMLUxURWFad0w5X0xDTXhqTE1kaWhUbjROS2Ntb3cteGFpcDYxQUNR?oc=5,1
news,Airtel,tips solve call ended problem airtel airtel tips solve call ended problem airtel airtel,-0.4215,0.189,0.526,0.284,negative,"Wed, 03 Apr 2024 07:00:00 GMT",2026-05-02T15:44:22.373897,https://news.google.com/rss/articles/CBMifkFVX3lxTFBHMF9FYWNtby1qMFFCN19ib2sySHRfRUJZaGh3NWRxMXQtRUtCSlNuZUpSY1E4bWVIRlp6STVPN012d1Z1VWE2c1l4X0Y2SkRreHBXWnNXbTZSdk80VWI5TFBvTWhWek5UNEFNX0lzOFl4eEZ4cGdHQjRINzZLZw?oc=5,1
news,Airtel,use airtel broadband home security camera systems together home airtel use airtel broadband home security camera systems together home airtel,0.5859,0.211,0.789,0.0,positive,"Wed, 09 Mar 2022 08:00:00 GMT",2026-05-02T15:44:22.373897,https://news.google.com/rss/articles/CBMioAFBVV95cUxPal8ybU1WUWtpYjEzaTdFRUxEZGRPbF9XRjFOUjNrcXRDYkQ0aHdWN1c0TFdSNHlMelh4U2ZxTnBSZEZpbk5RSktlaUR3SnFGYUhfMEY1cFZoNzlRUURfZU1CSk5iNzBoeVhxazFCS0FTSnNQYWVrMEJ5Xy12MW14NkN3OHpYUkN1d0FnRXV3YWQwUmc5ZXJlanFqNkkyS1lv?oc=5,1
news,Airtel,step step guide new users download airtel app airtel step step guide new users download airtel app airtel,0.0,0.0,1.0,0.0,neutral,"Tue, 10 Dec 2024 08:00:00 GMT",2026-05-02T15:44:22.373897,https://news.google.com/rss/articles/CBMikgFBVV95cUxOR0pObkVhMlBSck5oM29vRFFvVjVkT2dBeVpUWGp5a0x6VXgtcTcwc0FSejNnSm9odk54eWlDejNqUmd0MFJFbVpWODhvbXJlaExGR3ZwUE5IU2FETUxTS2dWWU1qcXRMSTJ5RDlkcXN6Z3REY2RYQlNmNVVNM3plMFVDZjdpdjVZZzJLcmJGTThPZw?oc=5,1
news,Airtel,airtel network outage across india bengaluru chennai kolkata worst hit india news hindustan times airtel network outage across india bengaluru chennai kolkata worst hit india news hindustan times,-0.8481,0.0,0.76,0.24,negative,"Sun, 24 Aug 2025 07:00:00 GMT",2026-05-02T15:44:22.373897,https://news.google.com/rss/articles/CBMizgFBVV95cUxORnFNdFJEM1preThfVVpoUkJINUhWcjBpZGZUQjJnYjA0MjV6OWF1WGIxa25SYzUxMEF6SGo2bDhQdGhUX05HWEtvZWtsZi1NR0lwUElId0h0bC1PTmpWM0hsZXBDaHZMaWVVVlRJRGNPeDd1MEk1VjlxOEhhU0w4MUo3QUY5eDZTX2lOYlBpSUpVMFY2ZkQtcHExb2gyZUpDYVAyMnZqMGV4eFY3bGREVThvQXV4ZXNrdDZHYURjUklNbUhyZ2RscnBodi0wQdIB0wFBVV95cUxNSllTcXh6dnd3dTl4bnRDeDBSX2xYcWs4azdKYjhtNTViTzEtSzdNLXdodG9JaVgwQ0NCX0d0WHZfVU1YMmoxbmJldVQ3UDNNQTRxWUgtdUpRT2U1VEoxbVZfWXhpU0xVa0dGYU1Qdktsb2lFU3c5ZkVLTzQ0NkZ2eE9HclZZYXY5OEtYRTJUNU44ekUtT1RscXNlWWduR3h0NlhEeXhDUHo3aVhEY3RuZUFFYWJzMjZvaldxSmJWZUVsOTFVZVhNLTVKNkhIVGduVkQ0?oc=5,1
news,Airtel,biggest industries using dedicated internet leased lines airtel biggest industries using dedicated internet leased lines airtel,0.7184,0.3,0.7,0.0,positive,"Fri, 04 Apr 2025 07:00:00 GMT",2026-05-02T15:44:22.373897,https://news.google.com/rss/articles/CBMipAFBVV95cUxOVmVMSlpHQW5PblNLM29DTU5rXy1CVngwNFNoSTViR250N2FkZ1ZzSkpsdVZNQ1RJYjJiNXhLWHd2aEdoNlJhcEJwQm00Z25sQ3NBX3RyODU2YzUxaUU2VXBwRmFfLS1qR3pPcWJIb3VrN29NSTBaQ21SLWFLN0h6MlJJM2VCandmNHpXZVl4VElqNFl1QVZwVVUwd0hINFBVeTVZaQ?oc=5,1
news,Airtel,data plans airtel prepaid get airtel data plans airtel prepaid get airtel,0.0,0.0,1.0,0.0,neutral,"Wed, 20 Mar 2024 07:00:00 GMT",2026-05-02T15:44:22.373897,https://news.google.com/rss/articles/CBMibEFVX3lxTE9PYWdLRWtSZkk2bVYwTlM3elZNWnRCTVc1RWpkZFhVRFJpZmtoc0k4SVFwT1MxODhrQjVvRnNYRVZXNzZTanFqYlhQVEhpY0VJUkVFRGt2Q3g1QTBFWUpULUdGcktZVGFMTTlxSA?oc=5,1
news,Airtel,swot analysis tows matrix airtel marketing91 swot analysis tows matrix airtel marketing91,0.0,0.0,1.0,0.0,neutral,"Tue, 11 Apr 2023 07:00:00 GMT",2026-05-02T15:44:22.373897,https://news.google.com/rss/articles/CBMiYkFVX3lxTFBTRmdJYm5tbGZCZm9scUxtS0NHcXlsdWxBYjFObHRlSkZmSVlqZnN1dExXNHlBT19VaTBPSkh0UGdGWEdoaXFNbFBzT1JVRjFyLVlMT2ZKeU9VOXE3Tjd0N1JR?oc=5,1
news,Airtel,airtel black best airtel program ever airtel airtel black best airtel program ever airtel,0.8555,0.412,0.588,0.0,positive,"Thu, 02 Sep 2021 07:00:00 GMT",2026-05-02T15:44:22.373897,https://news.google.com/rss/articles/CBMilAFBVV95cUxOV1JtdmFXZ2pfMDExSnVHOWIyazZTZVZCUGxMRExTQkxGaklDcWtVYUJEYkVzTXliNFlFdkV5Qmx5Wk1xRHJVdkxubXkxb096TWFGcDJPUkVyaFY5TDB5azR1NDYybGtXb3RQdUVRU1BhMVNLSnpRajhnMHVnXzRvYW9PLWxKUENpSFAwcWRDQUlvM1lz?oc=5,1
news,Airtel,airtel customer care faces backlash frustrated user website sparks debate dailyhunt airtel customer care faces backlash frustrated user website sparks debate dailyhunt,-0.1027,0.205,0.577,0.218,negative,"Mon, 06 Apr 2026 02:40:18 GMT",2026-05-02T15:44:22.373897,https://news.google.com/rss/articles/CBMi_gFBVV95cUxNakVydkdmZWVsNVgzMzBtb2t3Ylo2c1FrY2I2cnMybGZDZGtQeDVYTWxkcDRQaVVjQ2VPZ2VaQVhveU9rQW9wbDVEcWpJRndGd2l3MnVFVlhXNVVRTFJjRDZQQlhZaS16MWhhMlBRV0hoTjFVY1lsNzZUVDNFWDFTeDZrNWJybElSS0lpZlUtcU9fWnN4RXNsZGk2ZzBQNmQ5Z3RmMWxYLXMtMVBlcWNGNXRtUFVyUmVYWG9aYThuLUZVZmlkck9CVXlESV8tWnA3YjY1NlNkdGxCakFSd2JYeXN4OVB1ZDRvamw5T0JUODN2aEJabW0zNDJHM3FuUQ?oc=5,1
news,Airtel,airtel prepaid recharge plans unlimited calls data details times india airtel prepaid recharge plans unlimited calls data details times india,0.0,0.0,1.0,0.0,neutral,"Mon, 28 Oct 2024 12:37:49 GMT",2026-05-02T15:44:22.373897,https://news.google.com/rss/articles/CBMi5gFBVV95cUxOMHRoT1ltU3pMZ0hFZFZLcUJ1VVJLVmZlQnlLRGs2YXNBZFVsMXk3STJ3WmFBcUpPNzVHMExTSEk5RHVVM3Flc2hBTjF1LTBDbmtsc0VDTk9BOFltcGNqQ0d6XzUwd053YUdxakk5eDZ5ZUhyQzUtSjBQZ1NhSEF3WndWcnFQN1Q5cmFlSFRGekNEbXFackZ3YjdaVXBaV0w3VjVySmpPSFdPZnBTRW0tejN0VXk1S0RaSlptMEVlZVoxQkdtak1ER0dqZTFsZDlzcFJfYThPcXhGWUVSUDEzSXBkMGRodw?oc=5,1
news,Airtel,airtel customer care numbers different services mobile dth broadband india today airtel customer care numbers different services mobile dth broadband india today,0.7506,0.242,0.758,0.0,positive,"Wed, 17 Mar 2021 07:00:00 GMT",2026-05-02T15:44:22.373897,https://news.google.com/rss/articles/CBMi6AFBVV95cUxNUThMT0V1UUlTOUVlODFuMDN6NnhKUGtubGhhMnR2YS1rX21CVHVKVzZkZjctU3BTOURxM1ZWTlI4Zm5Pb0g3WkJZQUNWY0M5ZFBkV0Zfemc5OXozODN6RGllcjAtOUhXRmx5QUNJbkNaS2ZCRXFIdWZsQVFxSHJXbDNvanlmSWc5R1k0MVVvSDVQelExRTZhdE9mQVhmVEE2TTRvT1FyemdkMHhaS0RsUEt5S0ZQYmtuYkVSUVBUUXdlQVFUQUhJU29fSlpwaUNtRkNXdTk1MTJfbm42clhzVWl4cURKa0RW0gHuAUFVX3lxTFAteVZENEJ5X1dPVjZiVFR5RnNaeE9DaFVhWWJybEN2YzJpSFdoQUhaX1Z6aVB3eEExSEptV0JDeHQ1ZlljWnF5a3Q3b21hQ0M1Vl9MZnBHZjRyajZ3dDlJeHNQcmVzTVdWdTAwSUg1ZDEtRUFoNUs0d3dGUnJjRHBLT2JjNS1kYnhtSDRIeVJnTzBTLW02bzZGdTFjbURHZTBEU3dMWFliTHNOT3FGazZMcjZsVmVNOGx5U0s5cFBSRHdDU3NYWU5PQ3BBZWtHWFlSVnNoN0NoVXdaWFpfUWVXMnBmSHpHXzNYNWVNUmc?oc=5,1
news,Airtel,frustrated airtel network issues effective fixes smartprix com frustrated airtel network issues effective fixes smartprix com,-0.1531,0.248,0.48,0.272,negative,"Sat, 02 Mar 2024 08:00:00 GMT",2026-05-02T15:44:22.373897,https://news.google.com/rss/articles/CBMijAFBVV95cUxPR3pIazFnY2htTGVUNzRJR3REaFM4QjNRQXBibjZpWWJRM3FaUVNLb083SENSbXo3Ni1VWTBUeWs2WnBmS2Z6UDlYUlJ3MW1GVGVqWFJaY3BuaGlESkJmNHl1bkxMOHoxVjVqakphOS0weDZTZ0N2aUh2LVZJOEt3dFFYNi0yZlNYcmtNTA?oc=5,1
news,Airtel,tech hack airtel jio bsnl vodafone idea responding complaints republic world tech hack airtel jio bsnl vodafone idea responding complaints republic world,-0.6597,0.0,0.787,0.213,negative,"Thu, 29 May 2025 07:00:00 GMT",2026-05-02T15:44:22.373897,https://news.google.com/rss/articles/CBMiwAFBVV95cUxQQjJKNTl5TG9EWGZMOEc5VlBvNE41SUZjc01NNXVfZFllVnhKb09XVXpNUHJHY19wRjdvZFktTW5FU044ZHpXVXBDXzlFWllVRU1nX2VjQXhCeG1penZBWkdGUGtyTmlYb2M2bXBvOWhkcXpFUnBKRGx3dXV0UnNFTi1lVGRBdHdSWVBBSnJEak1weDZlQVdGOHJxOUxSYU01ems3TTJjOGlkREtRcXZIM1NoSmFYclo5U20wRXd4RDDSAcYBQVVfeXFMTmtPZzNhOFZnN09mdmsyeWRNNmFPbm5BTkZZRmF5bDZZMTZqVnBCNTRLNDllTjNWMjNUN0pERWwxRy0xQzlhYTVuXzNvZDFlVnBBSjBYOGtUU0NOanBZOWgxa0pHOGdvUHR6a2dpalRhZlpXQjBiMDRXNWd5Y3NvRWFCTFowR2RiRmlPbFV2UF9ZTVMzNXJaNnEwd3RQMXVTRUlrNENmOWRVZXRwZDdCYkRzR1JLaDFGdDkzZlRIcjktd2dzaTNB?oc=5,1
news,Airtel,airtel marketing mix 4ps marketing strategy mbaskool airtel marketing mix 4ps marketing strategy mbaskool,0.0,0.0,1.0,0.0,neutral,"Tue, 21 Nov 2017 08:15:28 GMT",2026-05-02T15:44:22.373897,https://news.google.com/rss/articles/CBMic0FVX3lxTE9HWHNRclVGLVJZU0ZZWmFTZWhOV0h3NXZXYUQzTVhDVHc1WXJqMnpxenlTaVNjZkNySkZrdDhpZGNqVEhsblRTSndINGRLaEpxWG9RSkRTd1pnNGZQN1BzQVg1Tl9VQ2lQQTRLd05jTGxRZWs?oc=5,1
news,Airtel,best airtel dongle recharge plans airtel best airtel dongle recharge plans airtel,0.8555,0.457,0.543,0.0,positive,"Fri, 05 Aug 2022 07:00:00 GMT",2026-05-02T15:44:22.373897,https://news.google.com/rss/articles/CBMicEFVX3lxTE1oaEhPcHRkc0k2QnFsR2tnSnNhRzZQNWM0ZVc5cjhHWjBNYlZUMEFfZXFpcUlhWVJpM2lsS3JnejR6a0NmMUo0aDMzaGVaWmtHbGw5VWFGZEF3X0lrYk1mOGNXNWRTazdscm5QMF91SjI?oc=5,1
news,Airtel,airtel major service disruptions reported delhi mumbai bengaluru chennai otherâ cities dna india airtel major service disruptions reported delhi mumbai bengaluru chennai otherâ cities dna india,-0.5859,0.0,0.833,0.167,negative,"Sun, 24 Aug 2025 07:00:00 GMT",2026-05-02T15:44:22.373897,https://news.google.com/rss/articles/CBMi4gFBVV95cUxOcHoxVDdoTmpJWnJVR0t0bFdNRWNxTkc3TkRTQlYxUnJSaXJvV3VFVFB3Q2ZObENYU2NmeWpUa3pvNG05SzZQVHkwclFsRGpDSmZ1cmhnak8xLUV1Y3FCVkdtRmVpTzdlSjd1amhUM003THR3V2N2NkZsVjJyc3pYQTVzREVKclZCTjJRLUZET2tVa3V5TmphZTN1Tmx1ZFlBUXYxeGZKWjBQWlpDM00tT0NjMzNhT04xS2RFUUFYcXl0ZUdzYk9GZ0c1N0R6NkpwQ1NTclFaQ3c4M1hsdmtGaFBn0gHnAUFVX3lxTE5yRDNuV05teGhZZDc3YmIyS0NyZFNWcEUwOVFkTGFCNHR4cUpCR0NjdE9DdGR0TkR5a0NwQlozUTNjVjRSU1ZoZ2tmTzBGSkZtTjdMWVRLcXFtQUgzZVY1U1I0dEpLeTZvX1NqN3Q5cnk1QnBQTlY3dHAyc0tNclhIcjJvYVFMb2VVQlFqVjQ5aVZ2SzY1Qk5ZemNrMlQwQ3lnZC05akowN1VXb2d1TXJNYjdTRU12bEVQNWN4M093M3plR3VaLWl3YjVJdnBnelBBZFJUeFRIcG9iWUFKd1EzTy1DVHplYw?oc=5,1
news,Airtel,fix airtel network issues quickly stay connected mobile india fix airtel network issues quickly stay connected mobile india,0.0,0.0,1.0,0.0,neutral,"Sat, 02 Mar 2024 08:00:00 GMT",2026-05-02T15:44:22.373897,https://news.google.com/rss/articles/CBMidkFVX3lxTE91Y2N4amVPY3kwVHZqWU5YdnpaM01meThuYTZ5eS02WmZxTE1WNXJuTE1TOHhBUmNCY0R1VVFicWVvWDRQTGZoSTJYbTJKakZxaW5RdnJDaVUxclltT3hTUllqaGtodElkeUxWbUJreTI2cm91elHSAXtBVV95cUxQdG50cExhckhVa01XNTFOa25wOUhEV2pybVYzcFUtTURjUVpEUkhXYjhfNjVuWUlYQldSR29UeGRJWXJ3cWJ6NzRPNW1EUkNJZXM1OFFWOEgza2w1S1N3MjNNVUZwV0pMbG54Ri14TjFMR0tKRGxJQUQ5R3M?oc=5,1
news,Glo,glo fiber launches 100 fiber optic broadband service springettsbury township pennsylvania quiver quantitative glo fiber launches 100 fiber optic broadband service springettsbury township pennsylvania quiver quantitative,0.0,0.0,1.0,0.0,neutral,"Tue, 17 Mar 2026 07:00:00 GMT",2026-05-02T15:44:26.049913,https://news.google.com/rss/articles/CBMiywFBVV95cUxPZENiWHM2T2Q4Zy1iMlN4dEEzc3VHSWJMRVBjUWhMX2dXdXZxUnh6QmhxNUJWVXlRX0dROUZ5R1ZqVGxvZWttbVFUS3pfVlBIbk1wMlgtWTYyVE1BQ0Jhb3hsZVVGeDQ5ZzJxVWN3ZldtN0pEZEhMekNrME5Pc042TUtmZFBNdnJYR1NodVZEOFNqNmpZYmxielNER3ZFLUw3bmllT0tpZzV2VjZYbjI2TTc0MXJyaUE3X21rUWFfQV92Q253ZnFTNlMtcw?oc=5,2
news,Glo,glo fiber launches lightning fast fiber internet springettsbury township pennsylvania yahoo finance glo fiber launches lightning fast fiber internet springettsbury township pennsylvania yahoo finance,0.0,0.0,1.0,0.0,neutral,"Tue, 17 Mar 2026 07:00:00 GMT",2026-05-02T15:44:26.049913,https://news.google.com/rss/articles/CBMihgFBVV95cUxNUnVHcGYwMmUzSDUxRDJka0MzdERCX2NQT045dWlBYlZ1WnNpTlBGZHp6eUlDSjI5aWhrZDI0RWowYTltSXRxNFd5bzJVc0hpRHpOTjdpd3ZvVmhOZF9ieE42V0dyTTZ1bVZXTEQtWjZla2gxOENuOC1oWkVQUlJVaVk5SHo3Zw?oc=5,2
news,Glo,gig home internet reaches 400 000 glo fiber locations states stock titan gig home internet reaches 400 000 glo fiber locations states stock titan,0.1027,0.098,0.902,0.0,positive,"Tue, 13 Jan 2026 08:00:00 GMT",2026-05-02T15:44:26.049913,https://news.google.com/rss/articles/CBMimgFBVV95cUxOUFMyaWE2S2xkYlZHckEyYWV5Q0FFNHN6a1NqWC1LUE1xWi12dV9URnpjck5vVEJObTQyUktGRW9rU2hwczJCVmZZTDdvUWdHcENycTlLR1dqbnFlR2NHTnUxVUktUmxqVW40Z18xdm9hLTJNeFczQ05DTWR2MVBuTWdMRkZIUWtCeFdsSjZSWUNCZTNZcjNJMF9n?oc=5,2
news,Glo,glo fiber launches lightning fast fiber internet zanesville ohio globenewswire glo fiber launches lightning fast fiber internet zanesville ohio globenewswire,0.0,0.0,1.0,0.0,neutral,"Tue, 06 Jan 2026 08:00:00 GMT",2026-05-02T15:44:26.049913,https://news.google.com/rss/articles/CBMi1gFBVV95cUxQczdpdkNTYi01N0lJTkV4SHFtZU1CR1BrZEFLZEJLVVhrN1RhLTlXWXI4RXNPWXVuejR6aEczUUY4RzdBY3Vyc1UyWDlSUGhsV3VzRmZQZ0tYUk5Qc1Vqa2IxMUk3NHZWS2t4Y0I1Yk8xcm9lUzY2cjR4bGhmTW5CR3VHcVE1dV9NOU5oVDNDenBYYlNsckxjMjlfSHpKb3dDNGotSGtSYnN0cG00Wjgtazh0TnRteGJ2MWt4STExR1p3bk9WZHdLRzJtSUdaSkE0MVN5UzJB?oc=5,2
news,Glo,shentel announces glo fiber expansion acquisition wideopen blacksburg broadband breakfast shentel announces glo fiber expansion acquisition wideopen blacksburg broadband breakfast,0.0,0.0,1.0,0.0,neutral,"Mon, 30 Jun 2025 07:00:00 GMT",2026-05-02T15:44:26.049913,https://news.google.com/rss/articles/CBMirgFBVV95cUxNLXF0MnRoQWlhd0tYYUotQXlCalhiN0lJWG9PejVNUkhrRWJub01pbWNxVzgzUURyLWJTNmVkbDNlNWU4U1dmZk5GS3JfVXBTQThXWmhjTnV3c2d6YU5mbzA2RktHNDhHZkNPcnB5NGlFb285R0Z1V0VxbEpPZDdwdkpNcGZoUm5PV1gzMnZQLWhrTFJqUVNkV0VMSU9mVnFXdjdPUEYwRlFIdXgxZEE?oc=5,2
news,Glo,glo fiber launches high speed fiber optic broadband service zanesville ohio quiver quantitative glo fiber launches high speed fiber optic broadband service zanesville ohio quiver quantitative,0.0,0.0,1.0,0.0,neutral,"Tue, 06 Jan 2026 08:00:00 GMT",2026-05-02T15:44:26.049913,https://news.google.com/rss/articles/CBMitAFBVV95cUxPck9PeG56UWt1YktFRS1DSTlUUWpibUpCeVVRQ3BLLWVjRTZ1SmNJWU9PWkFwbHg5c1l2R0xnRXIyOTVuNDZqV1lMMHRPWXF4UTN5ODlQOU9HZTRXQm5VWWtfOWpPSHZjMVlYdERINEU1Umk3a2ZmTmdOeXlKQUFTbURZU2JWcWdlZWg0eHdIeUFCR2h2bzZKQjZhNEozR29ZYW1pTkZoTTFOS1phOHVzYWlFOG8?oc=5,2
news,Glo,glo fiber launches gig fiber internet service yahoo finance glo fiber launches gig fiber internet service yahoo finance,0.0,0.0,1.0,0.0,neutral,"Tue, 13 Jan 2026 08:00:00 GMT",2026-05-02T15:44:26.049913,https://news.google.com/rss/articles/CBMiekFVX3lxTE5mYmFGQzRDUU1EbTdOT0FBMXo3ampTZkliT3h4MEV3aFd4X2N2b0dKeFFjTjROWUJMQ0lVbU9ZRy01MmtQelBjWUtQTW5oa2pKU0RiREJlOFRDNlQtcXl6TEFpdnJyUnQ5SV9rQTMxOUdPMDFYUkY2M2RR?oc=5,2
news,Glo,glo fiber announces fiber expansion york county broadband communities glo fiber announces fiber expansion york county broadband communities,0.0,0.0,1.0,0.0,neutral,"Tue, 15 Jul 2025 07:00:00 GMT",2026-05-02T15:44:26.049913,https://news.google.com/rss/articles/CBMifkFVX3lxTE9iZ2xhdDhwaDJzYWoweVJzc0xwNWNaZ1R4QklPUmlINDRrRXhlNmpLVmF3NkJ5c1EybzhqOWxEUmR4aVpFZ2lHY1RtZ0FSYlpsa0ZzVVR2UXl1ODlSY1BQSmlwQmJzYk5Vb08zMWdXVG5lTXUxc2J2U1A2TVExQQ?oc=5,2
news,Glo,gig fiber coming 000 springettsbury homes businesses stock titan gig fiber coming 000 springettsbury homes businesses stock titan,0.0,0.0,1.0,0.0,neutral,"Tue, 17 Mar 2026 07:00:00 GMT",2026-05-02T15:44:26.049913,https://news.google.com/rss/articles/CBMivgFBVV95cUxQUEhDQmpTWlY3UHFITkhEM0xhUDdEOUFqcHpwMmNacEYzQmItTkxHYXJwTkFwa3pfRHA4VXNjbUdNbzc0MUVxYm14WlhyNXhHbUxvaG1sSi1MZ2QxUi1XYjFHYjVYYjFQNF9kZTRVazFleV9LcEtMZzFxalpFLXdtbDRoZXlXYk5zQkV6SFNHRXpHMGFKaVY0aW5fOExOdHkzcm53LTB5ZGJLa1Jva2dfSjhjemR2aG42ZUFGNkJB?oc=5,2
news,Glo,glo fiber launches symmetrical gig fiber internet service across multiple states shen stock news quiver quantitative glo fiber launches symmetrical gig fiber internet service across multiple states shen stock news quiver quantitative,0.0,0.0,1.0,0.0,neutral,"Tue, 13 Jan 2026 08:00:00 GMT",2026-05-02T15:44:26.049913,https://news.google.com/rss/articles/CBMitgFBVV95cUxOeVpqYjlXaTUwYU1QR0MtY3FOS0pkU3luenBGRlQ0TlhnVW1zSnNmVUx6NnZzOGxqdlcyNEo4cGptd09ocnoycW1NdWNmN0xsU1l2LTE2TTMyc0ZtS1NMUTdZMjVuYldFQ2lLLWNwRDltaThxY3BYRmJzeURPNG5sU2FzblM5cF9sX3kwRHYtdVRrV2M2S3oyZHBCNjY1d0gtM3dUcTJyZ2t3eldFNGRtcXlnTEdoUQ?oc=5,2
news,Glo,glo fiber brings lightning fast fiber optic internet frederick county maryland newswire glo fiber brings lightning fast fiber optic internet frederick county maryland newswire,0.0,0.0,1.0,0.0,neutral,"Tue, 10 Sep 2024 07:00:00 GMT",2026-05-02T15:44:26.049913,https://news.google.com/rss/articles/CBMi0wFBVV95cUxQYkctU1lfb1NDdjRMeC1IZ1JIUmhRM1I2UHF6WGszeUdnVnVZWmFuamJOU1FSSVhldmxzZ1pyYmpUMTRHSXZZdjh4Q1NOZDIzTEFkUUt3ZTBucFJMQ0QxOGhhSmJSRmVKTzkyWVU0S21EVmxMSmZ0RlJzTEJBb2tGaEl4YlVza2hYTUdEWkt3X2ZhdWZlRmJGSjVYdC1aT1JKV0ZSRUNmdG4tdlpfV1N6c0hYZVBKR1dsZm45MnVqel9yY1BVQnVWUU5CQzZxNTBpUVAw?oc=5,2
news,Glo,glo customers applaud stronger signal faster internet nationwide news glo customers applaud stronger signal faster internet nationwide news,0.8807,0.444,0.556,0.0,positive,"Thu, 21 Aug 2025 07:00:00 GMT",2026-05-02T15:44:26.049913,https://news.google.com/rss/articles/CBMipAFBVV95cUxNNDRGTHFPU2huM0pMWDl6UzJZTVBlVFZTZ1FnM09EMVIzUUdpTU15MjBBRW92RGVzYzVYcDY3MzBZZmJiTmFqSGVkbmktWnFoVVhFYktGUUxhektGWWl4aDI2WVU0ZXpSRlFFMDJ3Q0MwWG9SLVdIeEc4MW11MDYxMXhCVFVHbVZwUzBETGFuSXpRUFc2NWRnNzl6b2VVWnhPSkQyag?oc=5,2
news,Glo,glo fiber expanding high speed fiber optic internet frederick county globenewswire glo fiber expanding high speed fiber optic internet frederick county globenewswire,0.0,0.0,1.0,0.0,neutral,"Tue, 08 Jul 2025 07:00:00 GMT",2026-05-02T15:44:26.049913,https://news.google.com/rss/articles/CBMi3wFBVV95cUxObWhubi1RTWplVHppREcyb3FpcF9BT2tIOHk0QzNac1V4aUZCUmxOOU5kOEltc0dvX2ZTMS1zWlVZc1c4cnBaX0dzX2IxbWtyc29Sdmo0S1J4MGRXSEhSaEhrVzl6LXlZMVllem96bHNCc3drVVRDSTc3elhraXlvb2tiMmRjdTNHUGNKd1ZvMG5ROWRDdUo5ai1DbTNNRktWZV9Na0t2Tlc3Y2RPLXVLNkNCSldhcXd3QkYtemxtWm9YRWVEQllzTldZeC1HQWEwNzF0aFBIOXBHZlBnX2pJ?oc=5,2
news,Glo,glo fiber expands fiber home services 600 additional homes frederick county maryland quiver quantitative glo fiber expands fiber home services 600 additional homes frederick county maryland quiver quantitative,0.2023,0.097,0.903,0.0,positive,"Tue, 08 Jul 2025 07:00:00 GMT",2026-05-02T15:44:26.049913,https://news.google.com/rss/articles/CBMi2gFBVV95cUxQQnMwUjVWU19IZlR3eEJqV0kyUGlwbTd5MGd1Q2JtSlNEcnBkbVZMbFVTVDh1U1d2WU54U2tfQW5INlk4YmRzOEgtNWNOazNweEN3WDhmYjQyQVRsc3dqZnlPN0xVQ1NTMGE2WG9tUzdhd3FZOUV4MnNYc2d0Tl91ZXl4TGhrQlZQVGx3cU82YUpEOXgyNWVJNGF4ckVuUmFjQ2t3c1FZR1N6WnMyQTZjWmhvTmViTzRUY2VCRmV1NjRFMld3S2xsakRFVldnQUNObDlGZmZrcmdsdw?oc=5,2
news,Glo,glo fiber expands service opens new retail location williamsburg virginia globenewswire glo fiber expands service opens new retail location williamsburg virginia globenewswire,0.2023,0.123,0.877,0.0,positive,"Tue, 10 Jun 2025 07:00:00 GMT",2026-05-02T15:44:26.049913,https://news.google.com/rss/articles/CBMi5wFBVV95cUxNVG83QVM4WTJDVXNUb2dobTQwQlNudWZPQ3VnSVRscWZIcU96VTRlU2JINzlPRnNFNDh4aWlLb1AyWFJIVV9sS1d6MWJHY0RaQUdFYUxvZkpFTjM3d1JTb3FWZWNOdnhyY3E1bVYzbllmX1Rhcjl5bURCMmtnYzVXa0FOUU5VeE5wQldNZEpNdlV4ZVd5X2dqT3RWVWMycWxoUlY4dEs5a1NZRmV5dDlWWS1jRmdIaHBvVzZfMTZuUnd3dllkTHFmNWl5Y1JPSnBkbFFaMmhTSmpuY25sUEl0NC13SmtaMU0?oc=5,2
news,Glo,shen glo fiber expands footprint next gen fiber optic internet yahoo finance shen glo fiber expands footprint next gen fiber optic internet yahoo finance,0.2023,0.113,0.887,0.0,positive,"Thu, 03 Jul 2025 07:00:00 GMT",2026-05-02T15:44:26.049913,https://news.google.com/rss/articles/CBMihgFBVV95cUxQMy1SZ01jaFJ0T3I0YW9oMXJtX1JOZWg5eG9YTTF4WTJhWFpIN1JkVmJIRUlkYnpsQVFic0FLS0FJSDk2TjFqT19HeFIxeDNSYWlqRTBDeUwxR2FWTmY0dS1NQnZ3d1pfRWR6UXh5WnNVNDY4QXRYbnZadzhpRWNPMVVrV0pwQQ?oc=5,2
news,Glo,glo fiber opens new retail location winchester virginia yahoo finance glo fiber opens new retail location winchester virginia yahoo finance,0.0,0.0,1.0,0.0,neutral,"Tue, 07 Oct 2025 07:00:00 GMT",2026-05-02T15:44:26.049913,https://news.google.com/rss/articles/CBMigwFBVV95cUxQcjUzbTAtN0pxMG5NRmpZYUMwbW1JQXltM0VKOThXUlAybmFacDBFMnk3enZPTzBkVnpfVmpNZ0tQeXo1Sm9EQVd1NE90RVExa1Q5QWV0ckZEZGJHa05XOHYyVk5oZDhlY0VnRk5HUnNKX0Y1bEZ0eS1IWlpkVnpyenNCMA?oc=5,2
news,Glo,glo fiber expands service opens new retail location suffolk virginia newswire glo fiber expands service opens new retail location suffolk virginia newswire,0.2023,0.123,0.877,0.0,positive,"Wed, 12 Feb 2025 08:00:00 GMT",2026-05-02T15:44:26.049913,https://news.google.com/rss/articles/CBMiywFBVV95cUxPWVpFMDlKRE4tSUNfd3VDaGNoclY2aWZxc253aVFBTFg5bGtXbzBWNmxpd3VhbWI2dEhMUnV0cC05VGNWRUM5ZzVqdHhpa0t3MEkzbDl3a1JGZ3VSaWJhUUJUVUN4RWJrWmRlRmtqSlM1b3dhblRqa1RMaUZ4XzY1NTFPY3ZQV2pOZjZXdjM3WW9yRVBreXRqNms5Z0tLa1MxSjNmNTI0bWY5bnJsVm9nMzNUeUFMYnRYaXdZOFZvSXpXZG1ETU9HUnIxRQ?oc=5,2
news,Glo,glo fiber announces expansion fiber network lancaster ohio newswire glo fiber announces expansion fiber network lancaster ohio newswire,0.0,0.0,1.0,0.0,neutral,"Mon, 03 Feb 2025 08:00:00 GMT",2026-05-02T15:44:26.049913,https://news.google.com/rss/articles/CBMiwgFBVV95cUxOaE9lOHN4V2VjSzJuajVaNnBockhQcHJPQ1c5eG9xb1k2OHpOdjc1S2ZWejh1OXlmSjQ3WE92OFF5ZGpJUU9qMzFoU2pVZHNJWFNXdzNEWjZTMlNlVzhybUhBeDZfNjZPc0xfZTVSOEtqN1FuOHByOEd4a2N2TWtFV3lrOE5hYS02Mm9XQ1ZzX05heFhfM2g5SUhSSnUxTTFxT09NNHNvN3JZdi13U0JXUDdWNXBKR2dHallZeEZOVl82UQ?oc=5,2
news,Glo,glo fiber expands lightning fast fiber optic internet york county globenewswire glo fiber expands lightning fast fiber optic internet york county globenewswire,0.2023,0.123,0.877,0.0,positive,"Wed, 09 Apr 2025 07:00:00 GMT",2026-05-02T15:44:26.049913,https://news.google.com/rss/articles/CBMi2wFBVV95cUxQeVd3TnNjdDBMNjllNVN4cTlQczhCX09xSUpCLUZSa3hFWXFiQk5YOVJwUDR0b1Y4MkxCMmdzSlRrTmd0eUg0V0lIcEF2WDcwZzByZmlfZXNWNHZPdlpyR0pvZHdlUnh5Qm5MTEFIdWxWMmF0WHU0ZnFGbzdkdFIzNi1EMV8xZGJGZFN1ak9JZWpjbzZqVmw1V0c5UEY2RzREemlhbHlnTHI1ZC1ib3ZNREh3QW55LU16S3VjSkRSNHMxcjdubXpYRWtpanhiUkFnZi11UGx1ZjVkck0?oc=5,2
news,Glo,customers hail glo stronger signal faster internet nationwide tribune online customers hail glo stronger signal faster internet nationwide tribune online,0.7003,0.328,0.672,0.0,positive,"Sun, 24 Aug 2025 07:00:00 GMT",2026-05-02T15:44:26.049913,https://news.google.com/rss/articles/CBMimwFBVV95cUxQa2liNENoejJJMzRGSXIzWE1lLVRnc1Zwb0ZiWk9uWWQ1RlFkYVhHS2xacjh2amRKR0pWODZwel9aT3U1T0JjRDNacGtKalZ1c1JHd3VCUFdJUVhiMERUR2VHc2VOck1OcWZrN2k5emZfdFBrNzRTb3NBRXhjMmFHZi1XY016Z0QyLXVIZlp1Rk9helBwLXN6SWlCVQ?oc=5,2
news,Glo,shenandoah telecommunications company announces rebranding horizon telcom glo fiber newswire shenandoah telecommunications company announces rebranding horizon telcom glo fiber newswire,0.0,0.0,1.0,0.0,neutral,"Mon, 15 Apr 2024 07:00:00 GMT",2026-05-02T15:44:26.049913,https://news.google.com/rss/articles/CBMi3gFBVV95cUxOTVVqNlE0QXAxRmItbXd2RFFzX2hVaUFjRzJ4cV9TLWFWRzNpUU9nMG05alRMV1hGZE85WTNmMUNOdElWQ2J3bWFDcDhnRHZtVktzSjA1clJXNnpGXzE3TDd4T0o0ZXZmejYwN3d0Y0Q5YW9FNHAtZjZIZ2NFS1IzUHptT190S1p1aGpVTTZqX0FfMUdFa2FuTy1rdWlrWWpFTHA3OEtkZWV3akdTbXItVWQxbGdQLWtXRDRtNEs2WjVrZHMtM2RUVVQ4ZzdZcUVGVngydFRaT3F6SmdDQXc?oc=5,2
news,Glo,glo fiber announces expansion fiber network centre county pennsylvania newswire glo fiber announces expansion fiber network centre county pennsylvania newswire,0.0,0.0,1.0,0.0,neutral,"Wed, 15 Mar 2023 07:00:00 GMT",2026-05-02T15:44:26.049913,https://news.google.com/rss/articles/CBMi0gFBVV95cUxPcUxqNzZjTmxwSEo1ZjU0TWdZWFpxTTRLQ3VhWHFOWFAybHRQNUlQcjhfS0Q2ZjZjTVJKNUg5QXhWZVNUYmpCYmMwR3ZHN3dGOHFrd19Xd3VLcndwUVI1dC1ySE5YaTFfeTdtRWdzU09DalQ2T0YxNVdnQVgyV1JFOFdka2NybF82R1dhOVF2NXJ5T2lHSktUVkV3V2lSSVhuc05vaWRxVmtraDI3S1E2NGotX2RrTmpzeEpQNG9HVDBWTWF6bzNUbWlUNTJ2Q1FUMVE?oc=5,2
news,Glo,great broadband build brightspeed makes fiber internet available six states glo fiber launches gbps symmetrical service broadband communities great broadband build brightspeed makes fiber internet available six states glo fiber launches gbps symmetrical service broadband communities,0.8481,0.194,0.806,0.0,positive,"Wed, 12 Apr 2023 07:00:00 GMT",2026-05-02T15:44:26.049913,https://news.google.com/rss/articles/CBMi4gFBVV95cUxNMWJoRFRBMFhwZG1pTHFyOXBaZDlhb2h2SXBfN1FrLUlGTktVYzExZnlzRkRvbkZ5SFg1NVg4MS1fcTdyeXY1Y0Z3WjhxZWxFZzdyM3VMUTBtSTc5NW5qTUR2dk8zWG9MZHBndG5oN09tWXMxU1hDX3lHWGowbklYcUVDSlhLQ3dMckVyR3FRSGMxSTdfRXJRRlZEdWoxQ0czZEVCSXF6OU9JLXhkRjVJWUpHNm9qSXR4TFJMT3RiVngyMG9zWGhiQ0dLaExzT0p6LXhtcmtqQUFGUjFwV0pYc2xn?oc=5,2
news,Glo,shentel spreads glo fiber wings pennsylvania telecompetitor shentel spreads glo fiber wings pennsylvania telecompetitor,0.0,0.0,1.0,0.0,neutral,"Tue, 05 Apr 2022 07:00:00 GMT",2026-05-02T15:44:26.049913,https://news.google.com/rss/articles/CBMiiwFBVV95cUxOYjY4YU05ZGs1NEZ0WkNJYTMxajNVS05paDg0ZWtRU3VDdVpKaHA4RUo1MEl4RVdKZFNUb0lEak93ZG00NXd6OV9ESW1ZdjdVWDFJbGRka0txYlFUc3VPRzlNUVc3NDlOUU1xV205OFVXYzBRMUZvUU5yWTNBMDdlRDh2Y3dYSi1ObHJJ?oc=5,2
news,Glo,glo network upgrade subscribers applaud enhanced data voice services thecable glo network upgrade subscribers applaud enhanced data voice services thecable,0.7184,0.25,0.75,0.0,positive,"Wed, 20 Aug 2025 07:00:00 GMT",2026-05-02T15:44:26.049913,https://news.google.com/rss/articles/CBMimAFBVV95cUxNTGNKekV6RjVYSkdGYTI0ak1henV5UEpURDBGOVIxNXZRclJ1RFlvZVRtU012VE52UHI2WlV0X2FiUnpWVWxzbnYyYU9CTGdmM241cTVUel85VDlXLWZneUhoOVJwWmE5SVZ5bHAyOGpYUkNkV0tuR2dXbzFnZjZOejFmYU8zT3JRT01nQkRobzNNT0t0dS1LdA?oc=5,4
news,Glo,glo fiber announces expansion fiber network hanover county ashland newswire glo fiber announces expansion fiber network hanover county ashland newswire,0.0,0.0,1.0,0.0,neutral,"Thu, 29 Sep 2022 07:00:00 GMT",2026-05-02T15:44:26.049913,https://news.google.com/rss/articles/CBMi1gFBVV95cUxQNmdZMVNOblFJSnNVSHF2SU5ORWpscXBweXoxZDR3LXlkUFhLN1hWWTJ0cG1QeURIZ1hlOU9PNUI2Vy02MGF0T2Rod3EzZDFfMWI0UERXaUVDSEFDcWNFYm0zOGNYWkhjU0pGRHNTSVQtRnRlSUxZUHFZVFR2WE9uLVVmbXVKT2IxNGZ4QjdwN0VlWXRtVUJGcTRCbGJCWGZtWnBvbTlRUG1DWFFWMl83YjY2eTYyd2drLUlWamN4NlpnSjVUTDdFRlFrRnNuTXJ2bTVPdUxB?oc=5,2
news,Glo,shentel ceo plan pass 730k homes ftth broadband wireless five years broadband communities shentel ceo plan pass 730k homes ftth broadband wireless five years broadband communities,0.0,0.0,1.0,0.0,neutral,"Tue, 09 Jul 2024 04:55:10 GMT",2026-05-02T15:44:26.049913,https://news.google.com/rss/articles/CBMipAFBVV95cUxNRmVwa0JWVUZkajdHRVhwX1MxUFJMajBnQkkwczJxd3Awc2E4QUE5S0VVT3lLZzVCcDRhd0FwVGFKY2ZkRDFSbjZucHdJTlZjOEF3cGE2ZmxlNVNvWUZoaUtzQm5FNXR3a21Lek5qeXVmN1VpdzZEMHRFUW1rcG96cnFxa0RZRjBDcHIyTkQ4dm9YN3lxdWc3akMxbDhBa3VyNjJSTA?oc=5,2
news,Glo,residents state college ferguson township new choice internet provider centre daily times residents state college ferguson township new choice internet provider centre daily times,0.0,0.0,1.0,0.0,neutral,"Wed, 15 Mar 2023 07:00:00 GMT",2026-05-02T15:44:26.049913,https://news.google.com/rss/articles/CBMijAFBVV95cUxNVjQtc1RuaEluQUJQcFRZOTNDbEVmZ2kzR2R1d0JBNHg4eWk3bFoyWXBlbjZrRnJfYkJWX0RMbHhkbGxvREt2cE45VTJ6OXhUOG1NNXV0QmRnV2NQczhuN3V6bWpnckhCY2pob2s4ZDdjUjkzRk9peEZ6SWNveG9scV9fQXZ4bXB6WmJCYtIBjAFBVV95cUxPS3lMUkZxSzNCTDNMVllHdDV6ZFJ6SUFtR3g0NjZwUVVCd0xzV3VoYTBZdndYWEtHLUpQWTBDS20taVhCR1ZPN2E2QnBJbElHLXB0cEo3QWZPd3ZMUGdRVTZESlVXLWtkb3VTTnNHTjUzTk51MFYyVWNxaWJqdndiTGx6ZnI0TElNZHJXSg?oc=5,0
news,Glo,lifting curtain connectivity future glo fiber invests communities capacityglobal com lifting curtain connectivity future glo fiber invests communities capacityglobal com,0.0,0.0,1.0,0.0,neutral,"Mon, 13 May 2024 07:00:00 GMT",2026-05-02T15:44:26.049913,https://news.google.com/rss/articles/CBMirgFBVV95cUxQeFVybXVhN2F6MjQ4VVduVDQ3MXpMbGMzQUpzV1dzYlJsSzRjMXE4U0FyZ3ppclYtSVh3Wkd1ZVFQc21ycEdDMlJtT2Q2T3NVR29feDd4Z2F6S1VYQ1NwV3RmTUwyU2V0N3Z2ZFhtRi1Fa3UyRmxxa09lVGVQejk2eXN4Tnk0RzZBS0pFcHp6NjNXV1lsdWw2b0hXaGpfVU9kYmpXclYzX3dEcVFEcVE?oc=5,2
news,Glo,shentel expands glo fiber high speed fiber optic network frederick county citybiz shentel expands glo fiber high speed fiber optic network frederick county citybiz,0.2023,0.113,0.887,0.0,positive,"Tue, 24 Aug 2021 07:00:00 GMT",2026-05-02T15:44:26.049913,https://news.google.com/rss/articles/CBMivwFBVV95cUxNUVE5OTBEUjlPQS1HLThIZ3ZpZjJPWmh0RGNZWk1XdVRCcHpVdDUyV1o0ZGJNTlRuNmwtcFlzMWVHWklGVDJZcEQ5Mk9lcWNsTUpFTXp0T2NaYTdKOXkwZ25WRElGNzV4TUZ5N0Rhdm5fZ0hlc0hxWGtEVmxNY1hxaGpIdl9weFJJcE9WMUJkZjlCMi16Yl9CU2FqNVlWQjdGazNCeWFRbnVIOHNzdE15cjUxbTZ5NEtPaF95RUJjNA?oc=5,2
news,Glo,shentel rebrands horizon telcom telecompetitor shentel rebrands horizon telcom telecompetitor,0.0,0.0,1.0,0.0,neutral,"Tue, 16 Apr 2024 07:00:00 GMT",2026-05-02T15:44:26.049913,https://news.google.com/rss/articles/CBMicEFVX3lxTFBmck1RazR5S25HVEZYYVVVa1FBRmpRTGg1ZDg2a3NQZ0xwRVFWWW1HeWwyVkJ3NkxGUWxXSEw1MUJkcGtTRWNSY251elNRTEhGT0pUc1QwTmhRZXNpbHNOUzYwMkFBbjZtdFBUS2Q3aDA?oc=5,2
news,Glo,glo fiber fiber optic internet available much staunton news leader staunton glo fiber fiber optic internet available much staunton news leader staunton,0.0,0.0,1.0,0.0,neutral,"Tue, 20 Oct 2020 07:00:00 GMT",2026-05-02T15:44:26.049913,https://news.google.com/rss/articles/CBMivAFBVV95cUxNSUxMelVkR0dsMkEwRmxhdXQyQnFWLTlJcVRkOUE3NmtSLWFjd1BLcHJtRGN0b1JKNUQyaW90UFpCVUs1eGNPRi16SFBubUJZQWdpRE1CNDVDNnZhMEhTQUFVaUZINzVYMElEUmdKa1BTWlpkejFFSzNpUlh6TUFURXBUZ21lTnFDbDdEbXN4Q2NWanBiRmstQWpVLTlUaTRQS2VvOGhROVlYSXFMYy1BM3BYMmo3SjZRWkZ6dA?oc=5,2
news,Glo,glo fiber continues grow dnronline com glo fiber continues grow dnronline com,0.0,0.0,1.0,0.0,neutral,"Mon, 01 Jun 2020 07:00:00 GMT",2026-05-02T15:44:26.049913,https://news.google.com/rss/articles/CBMiswFBVV95cUxOMHR2OElFNG9YXzNBcHNBTVhxRXNxR1lXZ3l0SG9sNUJuck9wUTNkZHg5RWRmeE1GTnN5T1J4MzZONWhOZ1B2VlByRzhGSWRlUHhXZWpZWm9nZGZ3aWdCN1ZHMHY1TmVyVHlxbnVCNVdNeE9ITnlGeUdlMFZJU0J0M2VRR3p2QTUyTVZEOGlvNzBiLTg0cFB6Q2Ffc0JfczEwbHFXYzZ2aDlzWVBXMHROX0ZSYw?oc=5,2
news,Glo,latest shen news shenandoah telecommunications company stock titan latest shen news shenandoah telecommunications company stock titan,0.0,0.0,1.0,0.0,neutral,"Tue, 25 Aug 2020 17:35:10 GMT",2026-05-02T15:44:26.049913,https://news.google.com/rss/articles/CBMiTkFVX3lxTE9RYU9fb0RmdGVGenNuR0FPQy1iTk90eVZuY3NZa1FpOWdOZ3BMTklKc1lsU1FJUzZQNFAtYnNmWHV6bjQwazNRbnQ4dXNKZw?oc=5,2
news,Glo,globacom launches based prize draws sms information service business advice telecompaper globacom launches based prize draws sms information service business advice telecompaper,0.765,0.248,0.752,0.0,positive,"Mon, 15 Jul 2024 07:00:00 GMT",2026-05-02T15:44:26.049913,https://news.google.com/rss/articles/CBMiwwFBVV95cUxQQ0lMSjdLYmtjd2xHc1NHVGtTbk1LVnMxV25kODB6NVU3d0o3OFFDSGJxeGpNcU9vNFJVMHYweHpNanl6eGtrOEFVcDhSbTRmdG5JTm9wNW82LUYyS25BMFlMMDZ6ZTlKelg2MVhHVEs2TkF1eDh0YVhQQ3dUVGJhWDV4N21ueEdOXzlIZ0hGM0F3U3lMWnBlWnQwZThZVUdUMXdHYzVnYm5raFdzWjRnbE9DY2w5d3ZWbHdkZTYzVWtkOVU?oc=5,3
news,Glo,glo confirms data service restoration hours nationwide outage technext glo confirms data service restoration hours nationwide outage technext,0.0,0.0,1.0,0.0,neutral,"Tue, 09 Dec 2025 08:00:00 GMT",2026-05-02T15:44:26.049913,https://news.google.com/rss/articles/CBMifEFVX3lxTFBNUWdEN2gxTlJQQUdfUG41eUFTeFVKNWJHVE53dWRxZmxCYklwcDRwWm02azQxYVpJUXB1blJBSlR6VzNyRDVFbkttTUVlVmxIMld3c2xoQUpSWXlOWjl1b1FfWVBHVi10WGpFaGx4cW00R3VTQkJXbW4ydDA?oc=5,4
news,Glo,mtn glo airtel 9mobile data call plan cost ncc approve tariff hike telcos nigeria bbc mtn glo airtel 9mobile data call plan cost ncc approve tariff hike telcos nigeria bbc,0.0,0.0,1.0,0.0,neutral,"Wed, 22 Jan 2025 08:00:00 GMT",2026-05-02T15:44:26.049913,https://news.google.com/rss/articles/CBMiXEFVX3lxTFBSYy00OVk2MXRFSnVZLXdJZjk4T1NoYVRHMVVia2pYcU9PSGZjd2YwWWR6RnhuLXhFMjJWVzU1c3lXM01MQTRQWXRvZ1VVb2ltSVRHbjhEdWZOeDVF0gFiQVVfeXFMT0x5dVFQODdVQkctS1BTNnhTWFN3X0htMHN1eHFwNnlmRno0cDlZT1k3a2JiM0tnVHp6cjVoTmFGRlByRVVXa2U4V3Q5V3hyZUZHbmE0eWNEVUs3NmRtWVM0WGc?oc=5,4
news,Glo,glo using artificial intelligence enabler customer satisfaction thisdaylive glo using artificial intelligence enabler customer satisfaction thisdaylive,0.9001,0.5,0.5,0.0,positive,"Thu, 30 Apr 2026 18:45:23 GMT",2026-05-02T15:44:26.049913,https://news.google.com/rss/articles/CBMiuAFBVV95cUxQX0UxYUgxVHRQcDJuZWgwZHUzRlFCS1p5MDhVVTJnVEl6NGFYRXdZYk5Ua05uUzQxa2FTLUxGYUI5QS12UHItNWRzQ3JnSmRaUjh4SUlSVjh5RWY1enk4TlNyRmhObEpZVzRJckN5WWQ1bFRYXzJfU2t3RkRZSUVZV1huNkRQWlltVmRHQVhycUxvQnp3MHl3TWJIeWw1bkMxdEJTbUFaWWNiOVJQVVhqZ2NUcVFxenkt?oc=5,3
news,Glo,ncc orders mtn glo mnos alert customers outage daily post nigeria ncc orders mtn glo mnos alert customers outage daily post nigeria,0.5267,0.18,0.82,0.0,positive,"Mon, 26 May 2025 07:00:00 GMT",2026-05-02T15:44:26.049913,https://news.google.com/rss/articles/CBMilgFBVV95cUxQRWp0US1lVE9NZzR3TnBQN1VCOEdTd2pPU3NjQ1BUYzBBdGpYS0liVDRNaG1QckJQa1BxQXQ0T28zWmR4Rnc3NU93aWc5bHZCemRRZXRtc0x1OFhub2xhZmhseWh0bFUzS0dNeEtheFJtc1ZVc3JNcjh1UGRNWlVnU2p3M0N0WHZua3BvQU53NG12MFZNYlE?oc=5,4
news,Glo,glo market share falls record low techcabal glo market share falls record low techcabal,0.0516,0.237,0.538,0.226,positive,"Tue, 27 May 2025 07:00:00 GMT",2026-05-02T15:44:26.049913,https://news.google.com/rss/articles/CBMihwFBVV95cUxPSVpYODJnX3EzeUhabjBjUlZfODU4TGNxeEg3OEhVVXNoRktETGlBaVlRdjRTOXRBY01LOW11UTVWYmpwcENWaUJfQzFfMC1wTlZVOC1JUXFRb2ExYmZXcXc3NWdMYWtEMG0tV2pkSXZEek9ZeldpZnBjWTIxQ2VmVDgxa21GdDg?oc=5,2
news,Glo,glo million subscriber loss could open door 9mobile comeback techcabal glo million subscriber loss could open door 9mobile comeback techcabal,-0.5574,0.0,0.796,0.204,negative,"Wed, 16 Jul 2025 07:00:00 GMT",2026-05-02T15:44:26.049913,https://news.google.com/rss/articles/CBMijgFBVV95cUxQdTNDM1R2VV94LUVqMDRsaVBUQ0laQ1UtcGpTWG1kZUlvSkplVk5BM3Raa3BNYkxENGpKUGl5R1dfWTJTdi0yeHlaaURQYnlZcV9EZmw0THFvLTQwNnAzdVE3cHhGRjR2UDNaVDVGZVo1QXdWRzRscG9US2tpRTJIZDBZSWRIMm9JQkVMVmFn?oc=5,2
news,Glo,dmt glo sign mou improve telecom infrastructure delta state business news nigeria dmt glo sign mou improve telecom infrastructure delta state business news nigeria,0.7003,0.209,0.791,0.0,positive,"Sun, 14 Sep 2025 07:00:00 GMT",2026-05-02T15:44:26.049913,https://news.google.com/rss/articles/CBMipAFBVV95cUxOdFM3Vi1aM0ZSd1k0R3NVUU1WWjV3dzFJUHJMWnJlT1pUNjZGQzBQMUNOOVFxSDZ6LXYxQk0yVkRlMjVCMUZwNEpkSUZ5dHBEenh2c3FOWG9HbTNBM1hYNlRqWkxtQXBTeDI1ZFhWTFRMdE91WkVKSWdEeDJHeEdYb2xyTXhOczlrcm5tamY0eVpjSXgzQWFrZV9PWTQ4VVp6WVNFTA?oc=5,0
news,Glo,homes businesses enjoy glo dedicated fibreservices guardian nigeria news homes businesses enjoy glo dedicated fibreservices guardian nigeria news,0.9081,0.47,0.53,0.0,positive,"Mon, 08 Apr 2024 07:00:00 GMT",2026-05-02T15:44:26.049913,https://news.google.com/rss/articles/CBMikgFBVV95cUxPeVdDS2h0NkxHYjZlM09DOU5ENUhpeXA3dmFYNE9iQkZwYnlYNzN2TGxYc3MtMXctQWFSc05sbnE0cTRJT2dzcW9nNHNIRlQwWHM4U3JhQmFpb0lwYTlwcENCZmR3QUx2ZXl0cUJOX3RORXVNd215ckhMdGlzNWVGWUpKV3ktUHQyME1INEVXSVJuQQ?oc=5,0
news,Glo,smile resolves service breakdown mainone glo intervention business news nigeria smile resolves service breakdown mainone glo intervention business news nigeria,0.7506,0.344,0.656,0.0,positive,"Tue, 04 Feb 2020 08:00:00 GMT",2026-05-02T15:44:26.049913,https://news.google.com/rss/articles/CBMiqAFBVV95cUxPQ0ktRm5BX3NYeHkxb0dyNXRGMmVhc1praTd1ZkkzT3hldFRLUTBrd0JkWkxpRndQUzFWTnIwQnNEdTlMMlFrVGtkMUVST1ZjSk9VUkpIN1phWVRNUlcyZWs1QnEzblNjM3lsYWNSVTVxdDRSWk5hYnRGNVMzaDZiX01yYkhsY2xYV2I5MjBhVGtlaExSVHpDVkdiNmtGeFotdlhXaTFuZlA?oc=5,3
news,Glo,dmt glo sign strategic mou boost telecommunications infrastructure delta state thisdaylive dmt glo sign strategic mou boost telecommunications infrastructure delta state thisdaylive,0.6597,0.213,0.787,0.0,positive,"Thu, 11 Sep 2025 07:00:00 GMT",2026-05-02T15:44:26.049913,https://news.google.com/rss/articles/CBMiwgFBVV95cUxQQXBWREJ5bFpvcDQzZWRHLVpzalVGVFJZNURacVYzQnhzWnFDU1hYTzdxdEpCSXV2NnRlVjg2dE15TWdUU1Q0eC1EWVBrMmJ4cllYbmFqd0RkSFp4SHRraktxWEpIcktWTHZxV1g0WkxYRzRhX2VGdmNSTDAzcGxKeHdqRGNKaENGcGozcVJIamE0X2hjUTlGVl9ZcUlVWUs3dW9fSFlQdGw4OEV3aVdnZ2w1VW9IY0xtZE9GSU40VzF3dw?oc=5,2
news,Glo,glo fiber launches gbps fiber internet service telecomtalk glo fiber launches gbps fiber internet service telecomtalk,0.0,0.0,1.0,0.0,neutral,"Fri, 07 Apr 2023 07:00:00 GMT",2026-05-02T15:44:26.049913,https://news.google.com/rss/articles/CBMihwFBVV95cUxONnl0NGRlQkxHeFBwN2p4RUZobGRTQzA4aHpCODZpaTFuZE1qM3dsUC1za2tLS2F4eHh4R2hpY2tvTTJzNERjYUZseXlIYnEtZUFmNXZ5Szg2Z1BMWVcwVE9UQkZucDVjelhzYzRjLTJMRGdMbjh2NDRreXFaSFRCRTB4RTNzRDQ?oc=5,2
news,Glo,glo submarine cable boosts capability enhanced service provision leadership newspapers glo submarine cable boosts capability enhanced service provision leadership newspapers,0.5574,0.204,0.796,0.0,positive,"Fri, 26 Jul 2024 06:17:16 GMT",2026-05-02T15:44:26.049913,https://news.google.com/rss/articles/CBMimAFBVV95cUxOSmlzSGdNZWN2MV9UZzhZRWoxdWVGS01iQU05N3BBdExpT09tTGJHUy11WHBmaFhQUERSRzdfa1VhdzFtQUtwaEtyRTJoLTh3QjZob0dXS09XV0t5YXZpZElrTlVTdUVxT1NxMFVIS0EtZ2JIU0ZlTDBGVnVnTk9rNnpxSzFkSHc3cUFzakxvMk51WFlKcjNDMQ?oc=5,3
news,Glo,glo subscribers speak enhanced network quality telco marks years techcabal glo subscribers speak enhanced network quality telco marks years techcabal,0.0,0.0,1.0,0.0,neutral,"Wed, 27 Aug 2025 07:00:00 GMT",2026-05-02T15:44:26.049913,https://news.google.com/rss/articles/CBMigAFBVV95cUxNeHdkcmtlS3YtQXNkUzJudGhuRnFCZFNWdHdOcUtZUFVrVjZSMFQzR0ROSFZfZ1J5bnVqb3ByRHd1UW5vUkNDRWR4UmltOTRrVTgxbnJBczdHTFZBd2RzRFdkWjRDOFRzRE1sMDJPd0d4X3pUOHFlTTNEQVZHaEpaNQ?oc=5,2
news,Glo,glo writes customers apologises network service disruption tech business economy techeconomy glo writes customers apologises network service disruption tech business economy techeconomy,-0.34,0.135,0.677,0.188,negative,"Tue, 09 Dec 2025 08:00:00 GMT",2026-05-02T15:44:26.049913,https://news.google.com/rss/articles/CBMijwFBVV95cUxOeVVSZVg5b2d3VTFCMWh5ZHdJWUdOZWpqVFRGXzBlVXZuazJTaVM0QVJSdlRUNWdsTUR5V19LUnRSWDdLN2RtZGJYamQzcTJFMFdaNnRrOTF1TlNOSElpM1lRUUpmZFVmZUE2bWo5ZGRBRm9OTjBtcnVXQUNrcTNhSUFqaUNZTUFvLTBqYU1hdw?oc=5,3
news,9mobile,mtn glo airtel 9mobile data call plan cost ncc approve tariff hike telcos nigeria bbc mtn glo airtel 9mobile data call plan cost ncc approve tariff hike telcos nigeria bbc,0.0,0.0,1.0,0.0,neutral,"Wed, 22 Jan 2025 08:00:00 GMT",2026-05-02T15:44:29.610670,https://news.google.com/rss/articles/CBMiXEFVX3lxTFBSYy00OVk2MXRFSnVZLXdJZjk4T1NoYVRHMVVia2pYcU9PSGZjd2YwWWR6RnhuLXhFMjJWVzU1c3lXM01MQTRQWXRvZ1VVb2ltSVRHbjhEdWZOeDVF0gFiQVVfeXFMT0x5dVFQODdVQkctS1BTNnhTWFN3X0htMHN1eHFwNnlmRno0cDlZT1k3a2JiM0tnVHp6cjVoTmFGRlByRVVXa2U4V3Q5V3hyZUZHbmE0eWNEVUs3NmRtWVM0WGc?oc=5,4
news,9mobile,9mobile leaves customers without service explanation weeks fij 9mobile leaves customers without service explanation weeks fij,0.0,0.0,1.0,0.0,neutral,"Thu, 03 Apr 2025 07:00:00 GMT",2026-05-02T15:44:29.610670,https://news.google.com/rss/articles/CBMikwFBVV95cUxNYnU0cEZwZk93WTgtMVlVZkV3dVpoLWRfNnFVeWJURG5jdWZQdzdyeldqQmc2Vl9wM1NFRlM0bC1YQl9aNlo4ZWcwSVJFWWlaTEZrcWxaZ2JYdkFNaG5oTHdKY1F4S0JZYkhEM1hSM2JKLXdRSkh1a0ZVVUdlRXdjZWlCQlNkUGstN19lcHhMT19xdUU?oc=5,3
news,9mobile,mobile battles lost ground guardian nigeria news mobile battles lost ground guardian nigeria news,-0.8316,0.0,0.505,0.495,negative,"Wed, 13 Aug 2025 07:00:00 GMT",2026-05-02T15:44:29.610670,https://news.google.com/rss/articles/CBMid0FVX3lxTE9pRU1EQzhOY3lSUkxrWkVLZG1TWW9tZml0U3JkNUxhRGNlMVM0NUtZMWVEb1FQTEsyZnFVd19SQWxiQnhmSmtoZTZlejhOejR3YWhJT2ZwSzJ3aFBpVDFDcTFCMWliR1doclRCVVpkcU1teWt5NS1N?oc=5,0
news,9mobile,9mobile apologises service outages assures prompt resolution vanguard news 9mobile apologises service outages assures prompt resolution vanguard news,0.7351,0.369,0.631,0.0,positive,"Thu, 19 Dec 2024 08:00:00 GMT",2026-05-02T15:44:29.610670,https://news.google.com/rss/articles/CBMiowFBVV95cUxOcEFGOHMxeVB5elBORlhtNERoellJY0xCR2ZIbHJpQnktZkczRnk5cGVXcDBKblRXbm9CVG9JSFdrME5OVXlOcUcwV3NLaUdjQzNldDhZQ1htQ3dnWXZYaXMyYWlIeEoySktBd0I1ZFBCX1hUODM3WkdHazhYUVMxYmpKazRYRlZiQTJlMXBMYUEzU0JEdXJuUXpZMWc1SERTNXM40gGoAUFVX3lxTE5VN25ueENQWmZydGpRUXFaQmNUSDIzeklYMzJ2NGQ1SXVWdnBJeE9MMTl0Q1RrWl83V2dLR0VtQkF1S1ByMEpfVXFJX1ZSVU1pUmFlTkcyVldPSTFaQVJuSzZFeXZaRjVJaGFPRjFzelBRSGlkbGh2cnNvZ1N1OGtLbDI4SmliY1A4RGoyOGxXZ0pkYjJuVmMtWXN6RkZtRzlrX0VsMXdxWQ?oc=5,3
news,9mobile,9mobile launches self service portal resolve barred phone lines telecompaper 9mobile launches self service portal resolve barred phone lines telecompaper,0.6369,0.224,0.776,0.0,positive,"Fri, 22 Apr 2022 07:00:00 GMT",2026-05-02T15:44:29.610670,https://news.google.com/rss/articles/CBMirgFBVV95cUxNWlV0T0JNc3FtTHVUTXlvT1VZcEM3Q3pzSlp3V2wwRjZZNXdXTUxZUUNhQjBKaWcxTmdWNnh6UE10TnJNLWhaQkJxVEpBRXVXZldtT0RJNDRpM0tIYklUNzh1emxGWERWNWdjTFAtZHUyNEgxUTRZUWI4U0h5STMxNjNqR0FmZDNrQTVfcnZLUWxhekF0SXpRcF9FcktVQ090cjNCUEVhaENKZkxBc2c?oc=5,4
news,9mobile,services 9mobile news services 9mobile news,0.0,0.0,1.0,0.0,neutral,"Thu, 19 Dec 2024 08:00:00 GMT",2026-05-02T15:44:29.610670,https://news.google.com/rss/articles/CBMie0FVX3lxTFBjbmoyR0Rjdk5qU1RMMG00allZZUJBUVR6dzFObFpla3Y5eGpBbjJEaWVxZEg1aTNnczZmU0RjTHVQX3NpcXotd2w1R29oRWlkR1AwcURIRjBwZmthbEVrank1b05DTnZsZFQ1Q3JzYUJWOVNrNDJUNU9DMA?oc=5,0
news,9mobile,nin 9mobile announces self service unbarring portal barred phone lines business news nigeria nin 9mobile announces self service unbarring portal barred phone lines business news nigeria,0.0,0.0,1.0,0.0,neutral,"Fri, 22 Apr 2022 07:00:00 GMT",2026-05-02T15:44:29.610670,https://news.google.com/rss/articles/CBMisAFBVV95cUxPa183ZWdwUmI4SEZnRTlSSENlVjJIbVBKOXl4WUphYXVFUjViRG5JdVhyXzZjbEJaQVJ5X19XWm9SNGpRQlpvUVYzek1fRS0tSDRGMjR3ZmlJeVFZZnpXYzJNbnMzWlMwdkxVYTdtblVNcTVKUTFlVEsyOHIzV0dMMjZldjlKZGF2cUxoS25lMlROQ0hoNlJMWFVBUUhsdG03NFdYOHhrZXVfdDRxNExMdQ?oc=5,3
news,9mobile,airtel 9mobile hit major outages across lagos enugu others whistler newspaper airtel 9mobile hit major outages across lagos enugu others whistler newspaper,0.0,0.0,1.0,0.0,neutral,"Mon, 09 Jun 2025 07:00:00 GMT",2026-05-02T15:44:29.610670,https://news.google.com/rss/articles/CBMijgFBVV95cUxNdG0tanlGdExLbEpyS1NxcTNidHhSY2dhVkR4LXVsUVRuRERzSkpIeTN5SUV5dklxMnpjemNZV1FXcm9BSmMyNmdHWUhJOHF1LVhaSXVaLWgwQXhBUTNxNFZ4T3JDTklhQU9aTWwwbWlDYloxUGVBSUR5NVlLZS10UzFNQm1jWXNHUGF3VWZn0gGTAUFVX3lxTE1kVzQ3bFVpMWJSalVkbW9QM0hSWHlVYkNOaF9mdEg2aURYN1hhcnNSdHU5LU5HZ2tSUEdaSzNRQnlfb25lSVZIVnVSTVMxclRDUlEtNk4yWkFFR3gtZEhGSnFfMXplZE9YZW1JNk85dmtraUMyT0tsT3VJdVZJSWVGMk9jWnFPS3RQWWNyM1Z0ZzNjNA?oc=5,1
news,9mobile,formerly 9mobile roaming tech dot africa formerly 9mobile roaming tech dot africa,0.0,0.0,1.0,0.0,neutral,"Sun, 31 Aug 2025 07:00:00 GMT",2026-05-02T15:44:29.610670,https://news.google.com/rss/articles/CBMiTkFVX3lxTE1XRHNUWEw5UG13bkRmcXZ1T0w5TnNzQmI1czlQYkY5dVJ1NkhFS0p3OTVyX2RoeGlaQ1VYN3hzSGFoQXhOcjg5OUF3OUVsZw?oc=5,4
news,9mobile,9mobile game changer iot nation newspaper 9mobile game changer iot nation newspaper,0.0,0.0,1.0,0.0,neutral,"Tue, 18 Jul 2023 07:00:00 GMT",2026-05-02T15:44:29.610670,https://news.google.com/rss/articles/CBMic0FVX3lxTE9jNG1LeGtNYmRYZGhPRnlBS21JZFB0YWtYWUJUcmRtRkRiWFB3TEZhWkJXNDY4WUtCeW80Uld1bHZ3T3ZPWlNISTdtcm9hajQxbmpqZ1lxWFFDY2Z5elh1dExXdnExengwZ2lvMkhra0E4XzTSAXhBVV95cUxQOW5aZ2RRZVJCeE96TWVhaWpTZ1lXY0lsWDdGM2FEcmREZWtzZk9kRHhERXYycmhYVTBUYmFOMXVGMEdJZkRmOWJDOWJIa0NRckZ3d21SYjFpaWxlcXZWNzZUOTBrSTRMZWNRd3c5WDB2RllYWVByZkc?oc=5,0
news,9mobile,9mobile blames network blackouts fibre cuts frustrated customers move techcabal 9mobile blames network blackouts fibre cuts frustrated customers move techcabal,-0.9393,0.0,0.458,0.542,negative,"Wed, 02 Oct 2024 07:00:00 GMT",2026-05-02T15:44:29.610670,https://news.google.com/rss/articles/CBMihgFBVV95cUxQYnJSY2t1QzRFQUkzQmJvSzllZko2ckR2MDRXQmRMSGlTRWU1NVkyRGlISzBJMGJVek9lZEQ1M09ROEhxWUhLRGRrT05EN2ZFSTI4ZUR2SEFVQlZ4Ylp2UWIxWFNqaVJYNC1RdDdYdU5SNWJGam9FcGxJaFRXSUJqYThWdDRhZw?oc=5,4
news,9mobile,9mobile launches customer service chatbot enin telecompaper 9mobile launches customer service chatbot enin telecompaper,0.0,0.0,1.0,0.0,neutral,"Wed, 22 Jan 2020 08:00:00 GMT",2026-05-02T15:44:29.610670,https://news.google.com/rss/articles/CBMikwFBVV95cUxQdjR6Y1pzVVFxUjljWlJ6UzZCRzU3bnRyWE5rLVpyUTVVSEFuaTV1dGx0dndPejBMUEdJVGtRYUtvUzYtNlBaVEN2SGlhS0dSR1VhdkhBdm1FWTAwU2RORllJY1RqTTB3aXZfaENpeTNaZ0hRcGtzMm9yN0pyRTktaWJQbEhYVVJraWlCcUhfWGZ2QW8?oc=5,3
news,9mobile,fij story 9mobile restores service stranded customers fij fij story 9mobile restores service stranded customers fij,0.5267,0.239,0.761,0.0,positive,"Sat, 12 Apr 2025 07:00:00 GMT",2026-05-02T15:44:29.610670,https://news.google.com/rss/articles/CBMikAFBVV95cUxPNU5UVkpOSy1LalhDYjM5bjJkV3lsdW5QRnZjZ0sybGhWSUs4RGVSaDU2SHRkNDkzZzRreVdZTVlRcHpERjdFXy1RNXMtenJYeERvMVJOZy1HMERQUHZmT1MzVG5LS0hwVTltYl9mTVdQSUN2T0hrZ1pkMVk1MllGTHlLaGtLaFNmblVNV1dUMko?oc=5,3
news,9mobile,9mobile drives quality service innovation customer experience business news nigeria 9mobile drives quality service innovation customer experience business news nigeria,0.6369,0.224,0.776,0.0,positive,"Fri, 20 Dec 2019 08:00:00 GMT",2026-05-02T15:44:29.610670,https://news.google.com/rss/articles/CBMirwFBVV95cUxNdnFTdURHa1lNb3dkd1pfS25QZk1CSDlkSnNlRGllN1ZIbGVOaTFSZjNlbmxIOTRHbUNSQU9JWVBsRDhBV05McnBkZVZ4YS1VYzZnMlJ4eHBDMElXUDVXSnJFOEdUQncwUmRKM0VhRnNFUjdPcm5CUkZlRl8wc0lMdlNsT3hhR2hDeXg1NTZBbFU4MkxxMGFHV1p0UHIyT1l6WGF1M3Y1eGVJdXFwc0JR?oc=5,3
news,9mobile,9mobile apologises service outage lingers guardian nigeria news 9mobile apologises service outage lingers guardian nigeria news,0.3818,0.205,0.795,0.0,positive,"Fri, 20 Dec 2024 08:00:00 GMT",2026-05-02T15:44:29.610670,https://news.google.com/rss/articles/CBMiiwFBVV95cUxQX0pxYjRfa0NwcWJZRks5SVZqaG5YWFh5TmJFSkVzXzBncFNQLVVMOUdqT0hKQzJmS2daZlU0NnVPdDlGektWUGloZV9uMEpxb0lCcmdIMjRpUk1adm03clhDMnJma3NtMUxPNFZQOUlsa1lLcnVIRldnbEFMd1I0RXhtd2JKUm1Hc0FF?oc=5,0
news,9mobile,one 100 internet users nigeria uses 9mobile roaming turn things around techcabal one 100 internet users nigeria uses 9mobile roaming turn things around techcabal,0.0,0.0,1.0,0.0,neutral,"Tue, 08 Jul 2025 07:00:00 GMT",2026-05-02T15:44:29.610670,https://news.google.com/rss/articles/CBMiggFBVV95cUxQTnFvOVpKNk8zT3BOTmJwM1NKM2FGcU0zTlZnc3hVcW9hTW45bWZMU1FkenczZ3pDZjA3a2UzSzF3LXF4OWR6UTNYTHdNdGRqQnJuTDhxUGF2Wk9Cak1DaThxMWl6VWQxTlgyZDFRUnhJcGY4dy12bkdiU25Cb1RPNnN3?oc=5,4
news,9mobile,9mobile upgrades offers mifi router devices telecompaper 9mobile upgrades offers mifi router devices telecompaper,0.0,0.0,1.0,0.0,neutral,"Thu, 11 Mar 2021 08:00:00 GMT",2026-05-02T15:44:29.610670,https://news.google.com/rss/articles/CBMimwFBVV95cUxQZWx6Vl9sOTNEZmU1MnJQSUZ2VG9URUNlNkZRLWY5ank5S3Q0WkVoMHFzTnhrcmRRQXBrWUhVWmVJeTF5Zk1uQnlHR1ktRlU2dWlWcVItQ1ZBZWFfY0dDQWlLY0NxUFdadEsxQXVrWGJielVMclZEUS1SOGd6SlZ3UFdBYmh2VklGUFZ6VXVHekt5dDVZMWRzd19abw?oc=5,4
news,9mobile,9mobile offers upgraded data plans woo subscribers business news nigeria 9mobile offers upgraded data plans woo subscribers business news nigeria,0.7351,0.256,0.744,0.0,positive,"Mon, 12 Sep 2022 07:00:00 GMT",2026-05-02T15:44:29.610670,https://news.google.com/rss/articles/CBMinAFBVV95cUxPY0dSM3lqM3RPSloyWkhCU3RMVnktZGYtSE5SSmVRR1I3ZnRQOHdyUWdxWG5pbm0zeHIxa25YTWVkTkFHMHZPdmpFaTQwSGNjSU5hdUJaT3RqLW9fWWg4bWVxRzVTZ1lkYVpIeVdPRTFrWFBQSGZmZEQxblZUdVBIR0h6dzBTNGVodTM4SEUybXotdFhzREZkdWZfOHI?oc=5,0
news,9mobile,9mobile mtn worst hit fibre cuts power failures cause record network outages may techcabal 9mobile mtn worst hit fibre cuts power failures cause record network outages may techcabal,-0.9559,0.0,0.542,0.458,negative,"Wed, 21 May 2025 07:00:00 GMT",2026-05-02T15:44:29.610670,https://news.google.com/rss/articles/CBMie0FVX3lxTE5RTW1xeVJPUWlzRFNURXhFVDZ6Sk1ZdDUxelhWdW8zajNJS1hZV0NNN0ppUWNQbUtxYTNHVTdYX1ZVNmFLZlJFR013c2p3cHk0d2wxZE5aa1pLMDRaN2JmMjgtRmpxdmFQc3ctRzBaQi10NGppb2pCVTR5OA?oc=5,4
news,9mobile,9mobile embraces future work digital customer service assistant business news nigeria 9mobile embraces future work digital customer service assistant business news nigeria,0.0,0.0,1.0,0.0,neutral,"Tue, 21 Jan 2020 08:00:00 GMT",2026-05-02T15:44:29.610670,https://news.google.com/rss/articles/CBMitAFBVV95cUxNVHYxVmctXzBtUHBIc0ZkdE9MRWZqeXJVb21oaUQyRUNtOUotQzBFOUxLTDZYQkNFZHVNR3ZQM1B3X05ObjlabVN2NDBPSUpDS3hoUHhpZmNJckw5ZGFqWmxCNGlyWjFFNnRfYXZtRXZZdzFPMHBpMnpWbG1VVDhKUWwtT1k5eVB6THEtbE1NN1ZSclBTdW9WRHRicm9TNGZFOHNqYmVKZ2ZzVzFocW1uN05nb3XSAboBQVVfeXFMT2tIc2NsaTVyem03WVZjMjB4c1VXa2NrVHpKZVRtMG5CeUtVRGdIZGtRUGhKbnVXSjFTN1pQczY1dTRtYklWRFdlTGxzeDJFMkZWd29nNGlLRjB5cjN3d3dkMGtNV25ybUxKRkNrZ1dmUlp1NVowWEhrWlpoZjJHOW1IU2g5RDk4dnlEcEdkcUk5UFEyLXpERGIzYW5VclZ4YTFoRXNHVnFDOHZGUzM2QUtTbXlaT05MX0JB?oc=5,3
news,9mobile,expanding services several cities onafowokan business news nigeria expanding services several cities onafowokan business news nigeria,0.0,0.0,1.0,0.0,neutral,"Sun, 17 May 2020 07:00:00 GMT",2026-05-02T15:44:29.610670,https://news.google.com/rss/articles/CBMiwgFBVV95cUxNdTRTUDBaQTdvRC1qRERkQWRzRFRMMjVaaXVuUV9xTVRwNHlJbk9RaVRLdno0ZTZuR21UN3FFREVVWVhuYjdwand5b09aVXA0YzQ4U3FWenR1bDNfSGNEUGgzdFJCMVJfcXpkQ1B3VHVNUWs1cTFyX0FGbUJqSXRKOFVZY2R0eWptZTRTd3Nveksyalh4cEdrc0xrcUVLOGJxSFZTeGNYdEh1cWhRRnhneDJMMEFCaXhOWUxkQlhzcDJEdw?oc=5,0
news,9mobile,9mobile apologises service downtime cites fire vandalism punch newspapers 9mobile apologises service downtime cites fire vandalism punch newspapers,-0.296,0.161,0.625,0.214,negative,"Wed, 18 Dec 2024 08:00:00 GMT",2026-05-02T15:44:29.610670,https://news.google.com/rss/articles/CBMiiAFBVV95cUxQVjRoelFJaXF2Q1hVYU02eVhFRERvYkx0ZmpKMHQ0M1hZT2d5UWNnRFd2T2JBNi1aMk56OVdUMWpGbHJwLTJLVDBQMF9yczhXeWV1SGlLd04xdDhfOVFpTl9FdmxfdG1HbmlIeHg1Ri1pT0xuMnZQNUxUVlE1VVA1bEhEaWhVQmV3?oc=5,3
news,9mobile,9mobile addresses recent service outages apologizes inconvenience nigeria communications week 9mobile addresses recent service outages apologizes inconvenience nigeria communications week,0.0,0.192,0.615,0.192,neutral,"Thu, 19 Dec 2024 08:00:00 GMT",2026-05-02T15:44:29.610670,https://news.google.com/rss/articles/CBMiuwFBVV95cUxObi1JMjFqYW91Q0JsbGU5V3lVQ3pYdnBpQ0RSNmRjWVZQaE9iVnY0and1Q3Y2WHlsd0c2RzBmaXBja3RBeWFqZmNkcVFXODd6d0gxdlFZNjEydzVGMEEyNWtvZXc4NTZFb29TNzJUT1laQW1rQ1hwSFIyV1ZrTFdkejFnaE85cl80RUd0cmFPa0hwa1JsYmNaNkxzdWJTT1lfWTYybzBzaFJ4SDVSNGRiOENXZ191dEo3VWhN?oc=5,3
news,9mobile,ncc urged intervene 9mobile service disruptions persist punch newspapers ncc urged intervene 9mobile service disruptions persist punch newspapers,-0.5859,0.0,0.769,0.231,negative,"Wed, 18 Dec 2024 08:00:00 GMT",2026-05-02T15:44:29.610670,https://news.google.com/rss/articles/CBMiigFBVV95cUxQMnMwM0VDMVFhNUxDb01zU2hoczlVNTFHcXZ1Nm1lMmV6aUtGa3FyNjhMX2JNMEVDTWhFcHlmYnVRR21LVFNLRmhtLWFyRlN0OWU1aWZraEg2M0pGX1FldTM5RkJqeWFKUjlVdGJhMEdBdHdXRkVVa3RwLV9YbXRYeVRjcmtnZjBTQXc?oc=5,3
news,9mobile,explainer roaming deal made 9mobile mtn number one customer thecable explainer roaming deal made 9mobile mtn number one customer thecable,0.1531,0.126,0.874,0.0,positive,"Thu, 07 Aug 2025 07:00:00 GMT",2026-05-02T15:44:29.610670,https://news.google.com/rss/articles/CBMimgFBVV95cUxPNkU1VXpxejJOakdDdzVMMmxibncwZnBLbEVsN05tMUZIZXc0ZTNKbWFNbzVtMDNnYjVBdnVDNFNNODNaVkNQbEJqT1d1ZUhUOTlWMjlINnYxWkRPV25acGVDaThQUFRmelZLcXhxYjhhU2lnTEJhTTZYSzctYndLWmVMeG1WMGZUU1RkOUIyX3NRU0lERXFDVFpR?oc=5,4
news,9mobile,etisalat 9mobile journey reinvention tech business economy techeconomy etisalat 9mobile journey reinvention tech business economy techeconomy,0.0,0.0,1.0,0.0,neutral,"Tue, 12 Aug 2025 07:00:00 GMT",2026-05-02T15:44:29.610670,https://news.google.com/rss/articles/CBMihgFBVV95cUxPNHRveVB0cFF1czQ4SVlXSllhdkZWNFY1b0dzbE1GOUZFYXhTb0RKTjhjNFEyTkdiUmRpbGxoTkJZVGl5c1FLZjQwVHJKem0wMVllNnR4WjYxRGNIM0NfLWZpMUV5LTNMWnh3UUtCNDJ1Rlc3QUJqbDRDLWtBVjlfb0FhT1d4Zw?oc=5,0
news,9mobile,barred lines 9mobile unveils self service unbarring portal daily trust barred lines 9mobile unveils self service unbarring portal daily trust,0.765,0.268,0.732,0.0,positive,"Fri, 22 Apr 2022 07:00:00 GMT",2026-05-02T15:44:29.610670,https://news.google.com/rss/articles/CBMiigFBVV95cUxOZ003NFdXdlZZdVFpYjhTUGVDVi1XbUxzTkQ2aDJaQ1VRTnIyLVFQLWJmRll3TGFpU1RfazRpSXNyQzlEVG5VTmFPdjhUVGNveTJXc1NDaTY2ZGRDYWRDT0Vqa19pY0ZsUXJjN2xrR0h2Q0lEcjNTVmxzN0laaEp3V0Jaa29kNGZBN0E?oc=5,3
news,9mobile,9mobile thrills customers easy self service unbarring portal business post nigeria 9mobile thrills customers easy self service unbarring portal business post nigeria,0.8689,0.375,0.625,0.0,positive,"Wed, 27 Apr 2022 07:00:00 GMT",2026-05-02T15:44:29.610670,https://news.google.com/rss/articles/CBMiowFBVV95cUxOY3VKTHNuVjJTREtsdHB2SlVpckMteGpjM211blJfOUVrbENLb0xTbmpFcndsTTRWVUJyamU1NXRTUVVkRWdPVWVEWnA1c0d0SzMzd2tNRVJCOWJ3TnBfdzg5MWRmbFRwU0tOMGx4YnRyc181UThzVkQ4NmZ6cHRMcWxheG1Mano0aHVxdUMwMjAtSkI5SVZtR3JxUjNTeVhKbHNR?oc=5,0
news,9mobile,residents ilorin environs enjoy high speed internet access 9mobile lte network bellanaija residents ilorin environs enjoy high speed internet access 9mobile lte network bellanaija,0.7506,0.225,0.775,0.0,positive,"Wed, 17 Mar 2021 07:00:00 GMT",2026-05-02T15:44:29.610670,https://news.google.com/rss/articles/CBMiWEFVX3lxTE9zS0p4QjM3dHlmbW83ZzRQVjV6bm1qTm4ySzJpSXhhV1ZwT3hBVVFoT2NpcGd2LUViV04wZHVVY1pSQ1JrbG9GQlprXzBGQjVVazAxbm1DR3Q?oc=5,2
news,9mobile,9mobile accelerates network restoration following fire incident lagos data centre leadership newspapers 9mobile accelerates network restoration following fire incident lagos data centre leadership newspapers,-0.5859,0.0,0.821,0.179,negative,"Sat, 21 Dec 2024 06:59:58 GMT",2026-05-02T15:44:29.610670,https://news.google.com/rss/articles/CBMiqwFBVV95cUxPb2VvVWJqRTdPc29QeXNYSHNrc1FuYVdzeU1RTzFvS0hYYkxVbWxYR29SYjVweXAwT2hZd2JldExQRi1NbTU5N2tVQl94ajRib0ZLZ2ZnUFplYWpFak14UEsxSHlzM3NtamY1TkdJT3owU0xMRU5ubkduYjJMakxqUGdxeTFQQ1pYUTVUMVk4dFEwQTgwV1hMM1lRRzcyTmlRWkdyc29ENWhxZWs?oc=5,4
news,9mobile,service outage 9mobile blames fire incident lagos data center fibre cuts nairametrics service outage 9mobile blames fire incident lagos data center fibre cuts nairametrics,-0.9118,0.0,0.552,0.448,negative,"Thu, 19 Dec 2024 08:00:00 GMT",2026-05-02T15:44:29.610670,https://news.google.com/rss/articles/CBMisgFBVV95cUxQSnhNODh1eXN4MEZtaHlnTWhqRlZIeEhxbG8wbk9zc1J6WlRDaWN5VENTRXdHNEhVSHN1VEFVRXN5RzE5b3ZEU29reDZwWENjdHJKX1M0dFNpSU1obEtWeWZOSV9TZW1FdDF0aGZQZU9FZVFmVUtlQXBLZ3VNV1lONzg1dzhWLWdPUzZXell5OGNoWmFPT0JTdU9HNUdWN2E0aUZaaFJ0UXE4ZlRyOVVJb2ln?oc=5,4
news,9mobile,9mobile mifi subscribers lament depletion data guardian nigeria news 9mobile mifi subscribers lament depletion data guardian nigeria news,-0.7184,0.0,0.727,0.273,negative,"Mon, 04 Dec 2017 08:00:00 GMT",2026-05-02T15:44:29.610670,https://news.google.com/rss/articles/CBMigAFBVV95cUxPUkxSOU9wTENPNHdocXZVeTNjQjBXbnhHUFRVN2tSOTgwMTRDUlV2OFc3RTNzSHFpbmhrcC1OUUxMWjZST2Y4SlhTOHF3LVdIcS1yV3ZpNENFd1o4eEV6akcwNkUyemtjZzRiUUd5Q0lPcEZjU3ZyRndiU29kWTJzYQ?oc=5,0
news,9mobile,9mobile revamped mifi router offers provide data less hassles techloy 9mobile revamped mifi router offers provide data less hassles techloy,0.0,0.0,1.0,0.0,neutral,"Fri, 12 Mar 2021 08:00:00 GMT",2026-05-02T15:44:29.610670,https://news.google.com/rss/articles/CBMipgFBVV95cUxPaGlRRGxTaUc5Nk1sdnFUQmZ4bFNNcXVPQVNsN09tZEduRzRWSkxFcXJSNXNBeEJIZ3JIaDVpY1VMMHEwY3Y2akJEelpCREgxWFBmTk5HZllKVUp3djg2UXd0U1ZHZ0I5anBLcVNpSHhHZGZXSHMyZ1NXT01iaG4zRlpFaUNrV0hEblotSTlUdzNiV1NNNENBMW1IQm05OG9HNEpHZ2NR?oc=5,4
news,9mobile,9mobile offers massive voice data bonuses new 9konfam package thecable 9mobile offers massive voice data bonuses new 9konfam package thecable,0.802,0.286,0.714,0.0,positive,"Sat, 06 Apr 2024 11:47:04 GMT",2026-05-02T15:44:29.610670,https://news.google.com/rss/articles/CBMioAFBVV95cUxNV1N3cmNfNXBmakswM19TMGc5TnA5eGxJWE5TRU9BOFRtT0NybWc4MkRlQ0NyQXo5NHZkSlZxUnVZOW1CelpvZ2UwVnowTGV5OEJfbHhPUnI4WXBkSXhheVdVUlV3bWZ6TXA3aG0yWUdZRDJWQ1czaTlQRW5jTHNjaF9XWURHQ25TNlNyQzhSVmVoRHJpU1BKVTR0czJtU1JO?oc=5,4
news,9mobile,9mobile introduces sim flexible connectivity business post nigeria 9mobile introduces sim flexible connectivity business post nigeria,0.4215,0.213,0.787,0.0,positive,"Wed, 05 Aug 2020 07:00:00 GMT",2026-05-02T15:44:29.610670,https://news.google.com/rss/articles/CBMijwFBVV95cUxPNVhhTTVZcXV0dEF0bk4tSWJpYTJZTk5wQ2xEamJfSXNsWUFVRHVpSzd5eVhBYzZnRnJpX2VyWkVEcWoxZWdaV1JvVUltRlF3MzQtVkxPUkRpdC1xZHAzYURONi13RUpfN2VIQ0UyR24zaDBMbFJnQndzazg4cmtiOUs2X0ZUU1hwcWR1TW50WQ?oc=5,0
news,9mobile,share transfer data nigerian networks techcabal share transfer data nigerian networks techcabal,0.5267,0.306,0.694,0.0,positive,"Fri, 24 Jun 2022 07:00:00 GMT",2026-05-02T15:44:29.610670,https://news.google.com/rss/articles/CBMijAFBVV95cUxOVTc4ekZoSlZrdzdzVFRFcVdUZDNsUWY1d09yTUFqYUVzaTczTmpkalBKUUtrYmRtSENscGVkcTBfb1hNVmR0RGo1S3FKdTJ3cFhYLTZ1RWIwaGhoQXFkZ3N4RFFJQ1ZtNFdqTnBURE40SkF2VmJ1VkhZdHNrOGdqSjVMT3lzRzc2M3ZXcg?oc=5,4
news,9mobile,9mobile launches lte service ibadan marketing edge 9mobile launches lte service ibadan marketing edge,0.0,0.0,1.0,0.0,neutral,"Thu, 29 Apr 2021 02:22:12 GMT",2026-05-02T15:44:29.610670,https://news.google.com/rss/articles/CBMie0FVX3lxTFBLUVBWVE4xZWkwREFVRnY2RmE2UFBTSWVRejg1VFVzbGZXUHpLVk5wU2stVmhyRkFiWFlFU05aMW43dXpmSVktX3Yyd1ZURm1VekZwbU45S3ZsN0l2UGhrMUY5MWVFZVNMM0Q0cTVVRGl4bWlxcWw4S083OA?oc=5,3
news,9mobile,check latest service codes mtn glo airtel 9mobile nairametrics check latest service codes mtn glo airtel 9mobile nairametrics,0.0,0.0,1.0,0.0,neutral,"Fri, 05 May 2023 07:00:00 GMT",2026-05-02T15:44:29.610670,https://news.google.com/rss/articles/CBMingFBVV95cUxQVDRHbFEyaUM3Qjhtc0pjbnhPM0NpWHUwZTlkZzRUZHhYcVRySDR4eEstczFfYXlJS0lDanl1Q0N0WXdCNTVRdWg5TmF2R25Cd3RJQWdIX3VUbGlEcGExMkJ2clpFektyeW1yOGV6cGhrUERSWHNGbHRneWRQVlVGOXBtdGYwMUZtSDhTdzg2dXpsWFFOT3NNZE4xb1RxQQ?oc=5,1
news,9mobile,9mobile introduces enin chatbot serve customers better business post nigeria 9mobile introduces enin chatbot serve customers better business post nigeria,0.7003,0.244,0.756,0.0,positive,"Thu, 23 Jan 2020 08:00:00 GMT",2026-05-02T15:44:29.610670,https://news.google.com/rss/articles/CBMimAFBVV95cUxQZ3lzdGNSMVRqNG1aLTVETWlHbm0tMTZGVng2NUpUZXV5V1IzN3hsZWlZMmotX2Q5dnM0d0lxMkV0OWstUnVCcTNodE1jQjhVQWZ2N21CY1NmcXJCZWxCM0hleE1FZlVMZFNDdXVDRjAydUUxWXRiMi05TVBlMUhpVFN6MnZ0aDNNNmp0R3FURGQtX0twUHlncg?oc=5,0
news,9mobile,9mobile poor network nigerians blast service provider prolonged shutdown daily post nigeria 9mobile poor network nigerians blast service provider prolonged shutdown daily post nigeria,-0.7351,0.0,0.78,0.22,negative,"Thu, 19 Aug 2021 07:00:00 GMT",2026-05-02T15:44:29.610670,https://news.google.com/rss/articles/CBMirwFBVV95cUxQWGloMC1jM1JWMUJacFVGdzhQcWhUMzVxby03Rm82c2dGSVh0QmlmUnkyVDlERWl3QzM5eUZjT2xQcjRDSGpUVWlVMlhJaVk4OXJ2bXE5cGdSU2trRDJWT01NUDJXQWNPcVIxSVBqOE1BZm5UUDNtekxXSHhyU0Vac0pTRXNna041Vi1ZZFRGRFR1OEVxMk53U2ZtWjNfX3JlaG5fYkV2Nng4UXd6VnFZ?oc=5,0
news,9mobile,mtn airtel glo 9mobile network offered best mobile internet performance 2024 techeconomy mtn airtel glo 9mobile network offered best mobile internet performance 2024 techeconomy,0.8555,0.276,0.724,0.0,positive,"Thu, 16 Jan 2025 08:00:00 GMT",2026-05-02T15:44:29.610670,https://news.google.com/rss/articles/CBMihgFBVV95cUxPWFJGMEhMS3hLOXdTRTNvS2lzSDR2MW0tNGxXbVlWajJWZTF4RnVVaTI5d3Mxd0pUWk1YWkZTcmdybEIzNGlCbG82MVpTSFdKWGRRb0tvSkxWTVhvWE5OaEpzZ2YzdDVMZ3l6TzRZek5VSUhvejI4NUhISEZrcWxTUXdfeFRRZw?oc=5,1
news,9mobile,borrow airtime 9mobile etisalat guide getting quick data credit loan legit borrow airtime 9mobile etisalat guide getting quick data credit loan legit,0.6369,0.206,0.794,0.0,positive,"Fri, 18 Apr 2025 07:00:00 GMT",2026-05-02T15:44:29.610670,https://news.google.com/rss/articles/CBMitgFBVV95cUxNMFJoYld4MU1YUVFOSTdva29NaEZrT2dOc2ppXzhqdlc0blR5QXlEZ0R5NVJNdmhrTUp5aVZyTGxDb1QwUVROS1RVS2tIQVRFLWxjUXBYVlZrY2NoaWdjY3paR2R2V2FjSGEzRWNfYzdIamlrV0ZIbU1IdFdLZEcySTJoMGl4Sjk3emVPb2NRSUFmeGhWMDZDeUlXM2tQZ2NyVGJEendNYkRkOGFlN0ZiLThrZ2gzdw?oc=5,4
news,9mobile,best 9mobile data plans 2024 subscribe legit best 9mobile data plans 2024 subscribe legit,0.8555,0.412,0.588,0.0,positive,"Thu, 12 Jan 2023 08:00:00 GMT",2026-05-02T15:44:29.610670,https://news.google.com/rss/articles/CBMimgFBVV95cUxQekdEZWFMTFRKTjVKQVAtVjBZV0hIb2dmVG5BNVVoMlJMTW40UVdrRnFBbXV5TjFBVUZqZnM0Qm5kRkRwM09fTXdEcVdDMDA5eGphQlB6RXA5RWdodk1oT0hXazgtbURYVmZLZDBOWmdSM1l3N3p2V1pfa0Q5NldudW5FY3VXWVEzQ2hvVU8zejlxRm4wNlVYRXp3?oc=5,4
news,9mobile,frustration grows 9mobile customers face weeks long service disruptions osundefender frustration grows 9mobile customers face weeks long service disruptions osundefender,-0.875,0.0,0.593,0.407,negative,"Thu, 03 Apr 2025 07:00:00 GMT",2026-05-02T15:44:29.610670,https://news.google.com/rss/articles/CBMiogFBVV95cUxNQmtyd28wMG1tWWRXTjFDVHhKZmpvaTBPeVJJck9hb3BHejdIRmJUbkV1VmljREM2eVBBTGdobnNzeTgtZkNWeE0yOHdJM245RjB5MEZzRjVaaUg3RXQwN18zbWNSb2JBd244RWFqcTh2LVh4ajhIcUsyTThaTGQ2MjBJS1RYVlBwZUhSa3RNQUNsWmVFa0F2Rnc3MzBtNE1zSkE?oc=5,3
news,9mobile,check mobile number sim airtel mtn 9mobile glo legit check mobile number sim airtel mtn 9mobile glo legit,0.1531,0.14,0.86,0.0,positive,"Tue, 27 Jan 2026 08:00:00 GMT",2026-05-02T15:44:29.610670,https://news.google.com/rss/articles/CBMingFBVV95cUxOczlCTzQtV1VtRVdHeVl4VWJIelBnUUdzNFpoOWF3X193QWpLV3BHeE8welpMMWJSc1EwVkVVVGd6VVhPN2pMM1pncGVBODgyYUQ2akJUMVpVaGlENE0wakgyV3NMNk0xTXRiR0EwMlF6cldVUFNnSVFjY2wzV1JFbjhXMElrT3FJVS0wQmh6YnkzeVNBWVBmaUN2Y2pZUQ?oc=5,1
news,9mobile,borrow data mtn airtel glo 9mobile new telegraph borrow data mtn airtel glo 9mobile new telegraph,0.0,0.0,1.0,0.0,neutral,"Mon, 24 Jun 2024 07:00:00 GMT",2026-05-02T15:44:29.610670,https://news.google.com/rss/articles/CBMiggFBVV95cUxPM1pKSElsNjZab0ktRHE4b0NHZU5VMXczbHExakFmbUhST3hSWVNCV040SFh0LU1iQ3piRGJhWll3ODFpbEVfVFNEcEE2emhYdzZ6T2dXd1k0R29OQjNEalEtRi1TbWNuZUp6cEhKUkx2RVVDbW1iSHhGRHhMLVhSUmNB?oc=5,4
news,9mobile,borrow data 9mobile etisalat buzznigeria com borrow data 9mobile etisalat buzznigeria com,0.0,0.0,1.0,0.0,neutral,"Wed, 25 Oct 2023 07:00:00 GMT",2026-05-02T15:44:29.610670,https://news.google.com/rss/articles/CBMic0FVX3lxTE5lR3FvZlBGMUlIVFNtN3JxOUQxQXMyTWROdHJfNThhOGdROWRGUnVwcHJ4YU41U19VbWlWRHpORTZzVjZ6cmhwVkdHY1JscjdaMHBha0VwcjN3MjRIcXFmRzlydVAwTHdPWV9scjJqYVU4djg?oc=5,4
news,9mobile,list 9mobile data codes plans subscribe buzznigeria com list 9mobile data codes plans subscribe buzznigeria com,0.0,0.0,1.0,0.0,neutral,"Tue, 31 Oct 2023 07:00:00 GMT",2026-05-02T15:44:29.610670,https://news.google.com/rss/articles/CBMikAFBVV95cUxNX2s3bFN5TE8yRGRqRnpnSTRmc1NjMkU4bXVpbG5ldkl4OTUwYkwyallPdV92djEwV0YyQTB2c3N2SHpBTHpMeS1DbFFvLVFyOXVaYmJkREN6R19EYjUzRWVDSmNCVndWamJBVUZGUG1vUkdtRlFvWmJNUFBEcVJVajUwVHlHbklKSHVrZFkxNXM?oc=5,4
news,9mobile,get puk code unlock sim card airtel mtn glo 9mobile naijaknowhow get puk code unlock sim card airtel mtn glo 9mobile naijaknowhow,0.0,0.0,1.0,0.0,neutral,"Fri, 01 Mar 2024 08:00:00 GMT",2026-05-02T15:44:29.610670,https://news.google.com/rss/articles/CBMiT0FVX3lxTE1wMEM1Wk8zRUFXYTRxRjVIWVN4Z24wc19lWVNlNmxiYUVZT01GZUNJRDlkcm1LYU5WMEZiREVrVmN0Vzd2RGM4YTQwWXlRaU0?oc=5,1
news,9mobile,check airtime balance 9mobile etisalat buzznigeria com check airtime balance 9mobile etisalat buzznigeria com,0.0,0.0,1.0,0.0,neutral,"Fri, 20 Oct 2023 07:00:00 GMT",2026-05-02T15:44:29.610670,https://news.google.com/rss/articles/CBMifkFVX3lxTE1PajlqTlFmNzdBTXdzVHB5QUl4OEhrMjVOX09aN0tkQy14UjhWdkdVNU93aHByWjZ2NzVRZHo1MTFmdGJkYzRaenJMd3hQanVMUXNZS0J6VGFnYWJlVkozOUpLRnEyTDRaNlZEaDc2SzY0T2k2UDROVzh6bWFjUQ?oc=5,4
news,Spectranet,legend internet spectranet merger strategic accelerator long term vision bada business news nigeria legend internet spectranet merger strategic accelerator long term vision bada business news nigeria,0.4588,0.143,0.857,0.0,positive,"Mon, 23 Mar 2026 19:22:31 GMT",2026-05-02T15:44:33.154154,https://news.google.com/rss/articles/CBMizAFBVV95cUxNRWpEMElJdW1EaUczR3NPZHNBd0ZkdnJPTV94MTdpQVhJaGNyWFQ4cEZKSnNQbGZDLS1WOWYxNnpCSm91ckljNGc1U0FFajFoQXR4ai1MTjIxc1hkcFVZbWwtZzloTHNvR2xyeTJ5allrcmR0Qk9acmNzdktjX3FSRWJsQVFMMW5zT2FOVnMxel8zQUlNWFdCRFFlTmdkOUloZXpjMnRPOFEyVnJGeWlSTFFzdkZSQlpFT1MyZm11YmxzODE1b0JwczZLdEbSAdIBQVVfeXFMUE8zeENVZTRnY2V0RnlRYXNrMGFralYtcUJPV3drUHRHUGZxZVctVURQLWphWGM5ODhEcGZEUXFHWHpsb0ZJYTRpbVhhcEJkMzM4WmtKenI3cGM5X3YxSDZEZUxjT0tTNGNrVmVUSzBUTXJsMkJDeHpBMlU1N19CRWVMWlpoYkF4N0RaTUFQU1NQdnhMdHBCakEwYjVIbXhVZ2lBZTdKMUtReVVKZVZHVnhjOGlJQXpxZlNTSnJ0dlFqZk5kUkppX0hNR2g0bTZFT3BR?oc=5,0
news,Spectranet,spectranet launches expresspay simplify broadband payments telecompaper spectranet launches expresspay simplify broadband payments telecompaper,0.0,0.0,1.0,0.0,neutral,"Mon, 12 May 2025 07:00:00 GMT",2026-05-02T15:44:33.154154,https://news.google.com/rss/articles/CBMipwFBVV95cUxQRE9OX2hQYmZHQl9TejB1RTZJSHpxZVQ0MWhvUmhTRzZzblBtLWdPcEJCYWcyeUdmU2xLR1J2RUxZWDJwcVRxNE5Wamp2cWQxNGs0RXhKMGlYOHRxakdYU3NWR2Q5WnB2SjlLajlHb003elFaZDFzSERaRUVYUEtOVk9OdE5JMDlJY0lydV9DNFNTSXpiaERFakt5N2paZmRicHV3RkN5MA?oc=5,4
news,Spectranet,spectranet starlink fibreone capture customers nigeria isp market shrinks nairametrics spectranet starlink fibreone capture customers nigeria isp market shrinks nairametrics,0.0,0.0,1.0,0.0,neutral,"Wed, 19 Nov 2025 08:00:00 GMT",2026-05-02T15:44:33.154154,https://news.google.com/rss/articles/CBMivAFBVV95cUxQZkZOQXpsUGNZRmtJU1NkdHRJNURkTFFVSFlfbDdrTlNIUlRrZXhKNnJYeGxwSGFZV1pNQ1J2YXhrdnN3Q1laNjJUT3NwNDFJY1Atdkp2X2docmV4cmlheDRWWkZtS3dFTDkzcFlUeUZ4b2pERDdaOGlDbkg4bDc3aEpNTDJIaHIyU1ladlQ2V2MzM0YzWnprSkVUWEtQSHRYNlBkX2hJbXdlRzhwLXZUYmszXzFycm5IVGRsRQ?oc=5,0
news,Spectranet,boxtv offer carrier billing spectranet fiber customers medianama boxtv offer carrier billing spectranet fiber customers medianama,0.0,0.0,1.0,0.0,neutral,"Fri, 10 Jan 2014 08:00:00 GMT",2026-05-02T15:44:33.154154,https://news.google.com/rss/articles/CBMiiAFBVV95cUxNc3dTNFNMSDM0ZXpRVlFBcFpCcHRVdTlJVndrbGdOWG5RbVdoQ1lEc0hHa1RIdkhicEVmMDUycGdNSjdiZ1NFbmZ2RzJENzQ1ZXBrdjY3UXdGSzd4cUY3UXZ2bm94Uzh1cTRrUVoza3hTYmVLV2VFUzBUQ0R5VUxwbTBaNmlId3Nq?oc=5,2
news,Spectranet,spectranet nokia join forces provide ultra broadband services nigeria news africa spectranet nokia join forces provide ultra broadband services nigeria news africa,0.5267,0.18,0.82,0.0,positive,"Wed, 13 Nov 2019 08:00:00 GMT",2026-05-02T15:44:33.154154,https://news.google.com/rss/articles/CBMiuAFBVV95cUxOQ2hlUjBEcUlYQzZKZGVqM0kyRmpSblIyUlZpTGZKa25FQ2dfc3A1YXZKWE5JLWZ6U29fUzZ6MHVDTkc3bzN1dXNuZGNJVExZRkFXeW94MVU5OFB4OWt1LTEwUW9FTmxVWnlEaloxSWFfdkdkWHRSd0lSaGlBRUpORmpwcUY2UFlBRktVM3BfYzNfSXZwOWN5bkxpSkQzeGx1WENyX2loNFR5YlJwRWlKUFo3TkhoZFk0?oc=5,0
news,Spectranet,spectranet lte bags prestigious double awards nita techcabal spectranet lte bags prestigious double awards nita techcabal,0.7184,0.3,0.7,0.0,positive,"Thu, 10 Dec 2020 08:00:00 GMT",2026-05-02T15:44:33.154154,https://news.google.com/rss/articles/CBMilAFBVV95cUxPMHpNOEstQnZEeVdELUtXN08wd2xMcVRBMkdOeFhCX0dELUhrbHBlLTAyY1dCanMxVTFWcnVYbDRIdFFCVkNsU1VvQ2ZJRGN0VEtmZEl1ZUJTOGVxLU5QRm5maHV0VnUwMEFLYWxWa3VqWXNJSFlqT19xUFhjXy1qZTR1Y3g1Vm9VU3RVeWxmYzRmSEph?oc=5,0
news,Spectranet,spectranet lte ipnx win awards nita guardian nigeria news spectranet lte ipnx win awards nita guardian nigeria news,0.9274,0.493,0.507,0.0,positive,"Wed, 09 Dec 2020 08:00:00 GMT",2026-05-02T15:44:33.154154,https://news.google.com/rss/articles/CBMifkFVX3lxTE1nUy1ONG5jNU5OdTRzR0VKNXIyM3lRTmY2c0pFUG55Y09mVUFlWHE4bzJqUXRJdHgwNjBiZnppSnBwTTdiYzEzLW8yY0N2TEZacENsenVPQjZDVG5tYklpWWJZeC16TlRSLXJkcGpNbmp0a2NQdXRxaDB0U1puZw?oc=5,0
news,Spectranet,internet service provider spectranet revamps brand identity spectra medianews4u internet service provider spectranet revamps brand identity spectra medianews4u,0.0,0.0,1.0,0.0,neutral,"Thu, 07 Sep 2017 07:00:00 GMT",2026-05-02T15:44:33.154154,https://news.google.com/rss/articles/CBMioAFBVV95cUxNX2JWVGdyaUlKaEFVaWEtelJRZ09PbzhjRVBENk5fM0ZmU21hYV9sUU1fZDI0UHYzLTkxaDV4akxoUmxKcUg0emduU1BlUjdPalFrRTJ2VE4zRmtBR0R3N3dUN2xTTWVnOTh4MFZJdmEwbXlZMUpGX3kxTE92cWdRamUxM3RnMGt5NUsxMEJWOFJGUWZYUW8xOGxNRllHck0z?oc=5,3
news,Spectranet,spectranet lte enhances customer service footprint opens new experience centres techcityng com spectranet lte enhances customer service footprint opens new experience centres techcityng com,0.0,0.0,1.0,0.0,neutral,"Mon, 16 Sep 2019 07:00:00 GMT",2026-05-02T15:44:33.154154,https://news.google.com/rss/articles/CBMihwFBVV95cUxPOW9VUmtScFBYWlNEWXhuU0FQb0t4MURrQmRLNk1Ra1c4ZzNyMEE1a3BwWm9HWXIyQTFPbGduRG02YUtacTZiRDhJZklxZlFsTTJ6cThGVTJMWFJmQ2k3aHJlZko4cDlGQ1dQQW5RRGJZSUp2WDFwbkI1VDlCVzBmd19CZ3JPcG_SAYwBQVVfeXFMUF9tSnRzOUVmZWhnRVVVVTRVajBkd3czckE3Mkx2OGJZZ0wxR2VFcHNaY1I4QWctY2NpZnRKZGo2SzNUQWFiVmQxQVdOMFRoMGVQWW9IVGt2azlZOGk5RVo4X0RWd2gwRElPaG42bzh1VjZzbW5DeVFQM3FLUWZJcGRBN21KMzl1T3FjZTU?oc=5,3
news,Spectranet,spectranet targets enhanced internet consumer experience launch new data plans business news nigeria spectranet targets enhanced internet consumer experience launch new data plans business news nigeria,0.0,0.0,1.0,0.0,neutral,"Tue, 27 Aug 2019 07:00:00 GMT",2026-05-02T15:44:33.154154,https://news.google.com/rss/articles/CBMiyAFBVV95cUxOTDl1dmM4dDdtLUlQMFRLTGxkWGRCb2VNa2RUb24xdDlHTEFPTVJ5VnVDV2JyQ1ZlS0FJUzhpOTBXRmF5VU5jZ29SNTk4VE5qRDFMS24tc2d5eTRXU3dNcFFMSVpDWFY4OHcwV0hXV0ZkSDBGMVlMUmZwS28yRjk4eTBPTmIyZkw5VDJZTjVOcWI2aV83cld1YnhnX0tpSjlKaXEwazNTMDFEVmQzMzVFb3dRSHp2U1FXMUxtYlpHNURLNlhZVXBTdw?oc=5,0
news,Spectranet,firms simplify internet subscription new solution guardian nigeria news firms simplify internet subscription new solution guardian nigeria news,0.5574,0.223,0.777,0.0,positive,"Thu, 08 May 2025 07:00:00 GMT",2026-05-02T15:44:33.154154,https://news.google.com/rss/articles/CBMimAFBVV95cUxPS1JTeFNEX3pyaDRxUjhrTVJ3Um03RWwyMlhhLTNsc2FOanc5X0FqYm1qSnJEaFYxd196bHRaNXYtUGlBLXI1ZWw0cWFudHJkdnNEd2J2ZW1tUnFUME9MU0U2YlpyQ1pwNzRDejV4S2ROUHY3aTNzeklFNGwydExUVlpiN0hIT2JDMXRHMGRrZnlCTmJSTUZxTg?oc=5,0
news,Spectranet,fixed broadband give nigerians cheap high speed internet spectranet ceo business news nigeria fixed broadband give nigerians cheap high speed internet spectranet ceo business news nigeria,0.0,0.0,1.0,0.0,neutral,"Fri, 24 Jun 2022 15:22:28 GMT",2026-05-02T15:44:33.154154,https://news.google.com/rss/articles/CBMijwJBVV95cUxPN0tVenhkSEFyQkhra0NIZ2xGMWgyd2Q2VjZzTWFCWjhGUXE0T0lGRU5rLVhjMzhFSTdGcmJicHFycUhsVUN2bnlqUUR3d1RfS1FUQzVnWGJNak50MG9vLW1YYUlDX3dHTGtDMXdIamlXU3BvN2xnM1lxTDhoWUE0QlhNcmZvSG1KVUQtd2RoMmxwbklkRHhUVnNWaEthNW9YR1lYY3I1aF9pMzNFTGE1cWlrZkFCN2plbW40eVJkV0RIYmdTOGJxX0lTMktDeWFJOHkzVDNVejFta2dmamVBN0ZpQ0RRTDMyQllLdlNub29zRUdPbkE3Y0t2TVNfbnYzTTNyalhFSk1Ic0pzSGpN0gGUAkFVX3lxTE81QnY5aHhObHFLc3N4RkhkdUhySTlWVGpweURNbDNvWjdsZThCSkxOaHo5cm9BdFZqSGdVUnZXb2lId2hMS05XOE5nUVpCYVkxSXI5TmUzY2FOR2dXMDZjTEU1cU9QMEhEcm1FRW05dUNNbUhsMFAxbDFOaDY4ckV6REhwNGJjaEp5OUtEWm9sN1ZXa0NxbjRjZ1VsMlhCTks3MHNGY3VONW5oYWs3clVia1pqMTI4ZkthTlhNSFdvay15MVpxUVJFeWFSSE5vbmVxS2Y1NF9OM2Z5V25idk8tX0RjaXhkRkRZTUdBbjJjNzhMN0JzR1AwTFl5LUxaTzlwOWpFTlBIaF9OQm42SmZQckVodg?oc=5,0
news,Spectranet,spectranet unveils mobile app enterprise internet services guardian nigeria news spectranet unveils mobile app enterprise internet services guardian nigeria news,0.0,0.0,1.0,0.0,neutral,"Fri, 24 Aug 2018 07:00:00 GMT",2026-05-02T15:44:33.154154,https://news.google.com/rss/articles/CBMirgFBVV95cUxNRlJqdnNZQ2RUQkVTbXJOdXRlRXN5TUh5OTRERHdZYTJHR0hhR2RkNFV4LU5HYVdyOGkwNjhXOVFwcFhBVFdoVnFDeTBYNHVTN2J6bW1zSFJSWXdDWW1MX3pIcmdXQW91WkM0N0hodUV1WGRON1JCYV9LV2NaVllzbXRLak84SEFIWWFieWt1eC1JRnVWRWNzdHY3UUFnMGdNNHVPbEw5cTM2Mjl6eHc?oc=5,0
news,Spectranet,spectranet lte enhances customer service footprint opens new experience centres business news nigeria spectranet lte enhances customer service footprint opens new experience centres business news nigeria,0.0,0.0,1.0,0.0,neutral,"Wed, 15 Apr 2020 15:42:37 GMT",2026-05-02T15:44:33.154154,https://news.google.com/rss/articles/CBMixwFBVV95cUxObDhmaFFrTnRrYXdVck5iY05zQWEwOFR4Q1J0YXdGTjU0SFB1NEx4Z3drY2hkVXFkdG9ZU2dyOUM3Y29PYWd0azNjQ0stVjFHOHI0YXY4cFhiVFFEZDdVbnZacTVjVXpHWFplQWN1a1V2a1gtSlRUQnBnMU1ZV3A5Qi1PbGljOWkzT3VETnRfTFNybGVIdkZZM3F6QUctZjg0SjNwZDR6SmxMSzV0VUxtU0ozUXZfZWRMM0FnSl9GeTI1N2FEWlVz0gHMAUFVX3lxTE4ybDRHblBCUy1FVVJ1NnJXWnM4d0VNcXBaX2d4b2Q2TkRScXdZZlR4Z0FKVTQ4MEdxUTY5TmdNZWZXT2xMdEJkV1JXMFVDODVtclluamNvNHF3RTJRaFZRN0NpVzRUemJJdWxIcHA5blJJb3ZndEw4dEV5TXNJd3NLalZscUtqeEVweEhhR1lRb09MSTBOc24yRXVfV0d0S2VsT2dIa2V4VXBiRmk5M0dKdllfdmtVWWV0Z3luc2NMS1VDb3EwMVBPc1hybQ?oc=5,0
news,Spectranet,spectranet lte leads isp market nigeria guardian nigeria news spectranet lte leads isp market nigeria guardian nigeria news,0.0,0.0,1.0,0.0,neutral,"Fri, 12 Jan 2018 08:00:00 GMT",2026-05-02T15:44:33.154154,https://news.google.com/rss/articles/CBMigwFBVV95cUxPeWJQMDM2N2FTYmlzY2RoV0VTcDJDdTNYcGlGY2dOSFpqOWR1TG1YZEZiUVpDRXRYcVFDRU16alpMQlNIYUhzOTYwb3ljWU8wQmw1Yk9mXzQ2MXJEY3lfbEtXWWI3ZUF0cEsyUGMwbVdtTXlnYXZiTi1XcGFHZThRSzRDZw?oc=5,0
news,Spectranet,spectranet starlink fibreone seize control nigeria shrinking isp market business news nigeria spectranet starlink fibreone seize control nigeria shrinking isp market business news nigeria,0.0,0.0,1.0,0.0,neutral,"Wed, 19 Nov 2025 08:00:00 GMT",2026-05-02T15:44:33.154154,https://news.google.com/rss/articles/CBMiugFBVV95cUxOWEExVEtWWGdOb3RPNFlDXzd1YkhlNS1iREluNVNKd1dXQzJ6RktZelVmSlJGY3B4Y2c3Z0pVd2Q0Z3Fkd2RLV1p2MF9TZnZWZXdZWGN2MDVEbGRBUjVPZmpfdEY1RVBxc2EtU2JzNHhsdDhaRTJWcFBtQ2FSM3pFdnpqY29xOEFMRF9FVVZvQXRyMGgtd0dfLWhZYk9rZ1JmSzRKWW1PWUp1MkFiejAyNVpER0w2cEVFUUE?oc=5,0
news,Spectranet,constantly improving customer service quotient awasthi business news nigeria constantly improving customer service quotient awasthi business news nigeria,0.6808,0.259,0.741,0.0,positive,"Tue, 06 Aug 2019 07:00:00 GMT",2026-05-02T15:44:33.154154,https://news.google.com/rss/articles/CBMirwFBVV95cUxPTDRiRUtxTURBZFhpOWNfWkgxWmdVNG52N3FzRF9fT01MQzdqbVVjMndCNk9wMWFmOFhXQUVxem9KeVNCRVNVZjlLc3A1YzR2ak14ZVd2LV93Y0ZXay1oMmNlaDZMUUxrQ1d6YlBQMmw5WGpkV2V5cUd6U1lSa09waWQxaXBidm9UV0FkNV9DSklHZDYwYVoxQ0ZfcUZIb3pNMGlpTnZLX2lTa2xHYU1B0gG0AUFVX3lxTFBGa1UyOWlsVTlFSEhlUWdKQm1haTd5aEMwWTVhR3VzZE56NmZrUmpMZHFZVlBmMzVHcTg3bWQ5XzIxdE8ySW1FdFdna0RNVVY0dTNISEJ0OG1WdkQ5VUd1V2E0T0ZuaGZYWGdMUzVYMk9RcEtYVDFIWF9qV1EtT09udmk4dkhENGMzYmZfNmlQUEItQVBvZnZnY1dpd1lfRW85S0pQVGZ3VGItX2FxZ29JVlB6SQ?oc=5,3
news,Spectranet,affordable spectrum key driver rapid growth broadband connectivity spectranet ceo business news nigeria affordable spectrum key driver rapid growth broadband connectivity spectranet ceo business news nigeria,0.6369,0.178,0.822,0.0,positive,"Tue, 20 Apr 2021 09:19:53 GMT",2026-05-02T15:44:33.154154,https://news.google.com/rss/articles/CBMi0AFBVV95cUxPbTdmenRWZldPbm1VRFRIcy1scDdIZHNHSUpoTUF0ajBxdl83eUdteWozX1N6cTliRU5MaGdDdUc4b05fUEJkUXkxVS1zTHlCMERMdzQ0TXFsRENvSG1pclFVb20wRzlfMVRxZmhCelg4R3dlT3JyLWlxc3JPLURmV05UQ1lveEFxYjRRZjNETmlSQ3g3WmRxTkg3ZnQwXzl0WXgzRFI0S3VEeUFFUXd3TWxiNjJvMTdSODktdkhhaWFWZXZHRTFCUmVMZXpzb2Ft0gHWAUFVX3lxTE8tdll1djNhNmpja2tiOGdFWXpocWxKUTFXdkxQaUY0MTdBVTR6RlRuWE1IS0p2VlVaVFcySnVYUnFsbFpKa2J3Y29zem5xQ3lGN3prR2l0TERzbnE2WnRUUkozcy1tTm9xMnlqSVJuN1lqYlRpcFVYSjFZdVVweG1qOU5FV0FCNUxwenpMeDQySU5jRll0RkV2REd2T2ZiVWZfeTNWOEszeFZ5c2ZVOFRST05FVXZ4V1BWU0pMTHA4NE4wS0NvRERnQklhZ1hWVEhxWnVybXc?oc=5,0
news,Spectranet,spectranet wins best lte internet service provider year business news nigeria spectranet wins best lte internet service provider year business news nigeria,0.9501,0.467,0.533,0.0,positive,"Tue, 29 Dec 2020 08:00:00 GMT",2026-05-02T15:44:33.154154,https://news.google.com/rss/articles/CBMitwFBVV95cUxPRG5SbmpJX2ZaLXZnNkNXd2w4WmhqT1ZXeG1IVFZPZmtBSVh3RFEyZU92NU5qNXEtSnRReTJvQVVrRWhac3lUemVLcG9udXJhT1l5LTNDaUU0dENLa2lpbFdFZkR5cTlSTjR3VnN4ZktSVEdyUzY0WXl0SGlfRXB0LUpneUZ0czFwN0ZieTJXX3VvcGpqU3R4clNQM2NXb3JtQXpEYTRITG5QQ1FEdFkzczhFRThOcjg?oc=5,0
news,Spectranet,spectranet launches spectracular data plans unlimited browsing benefits customer segments nigeria communications week spectranet launches spectracular data plans unlimited browsing benefits customer segments nigeria communications week,0.6369,0.178,0.822,0.0,positive,"Fri, 28 Aug 2020 07:00:00 GMT",2026-05-02T15:44:33.154154,https://news.google.com/rss/articles/CBMi7AFBVV95cUxORzJjTzROZ1Bqa3d1TTgzeWh2S2FqVU5OSU90RXJLYXBzVkFpXzQ3UV9LRUl2Q25qVDlKcktSZTdKdVE0YXlsVFkwVU9UMzN6M183Q3o3b0ZWX2JUclJlV3NkUEowbUx0d1hLaXVib3U5X3RfeF96ZE5WLWNBakxZVXN2T3V2NVFST2xMN3F1aTlQN010ellJZDh0Y1NuX3pqbkVoYlVsR0xRZnpRWFY4bXZSdUxIa285RFdIdzEwdFo2aDRubnJSWWRMMC11VnctaG5xU0gwM21tcDBZTzNnVnRZVExselpxbEZmVQ?oc=5,4
news,Spectranet,spectranet repositions network dial gen brandcrunch nigeria spectranet repositions network dial gen brandcrunch nigeria,0.0,0.0,1.0,0.0,neutral,"Tue, 13 Jul 2021 07:00:00 GMT",2026-05-02T15:44:33.154154,https://news.google.com/rss/articles/CBMinAFBVV95cUxObkZHZk1fendzVjh3OVFfOWxTY2dSdWwxR0RCZHlENjFkeXNxZlVRWldyLU01ZW00eWVqM1NUZ3lSQ282c3FISURuN2xrWXYwYWJVdWtLSXdxYmZDWGRNbDA1bUt2OEhrMFlMb0hudkNmdFBkQjFuak1KaEIyMVJHZXg0d3E2eWxvODYxWVpRRDQxc0dYc1l1ZFZnUWvSAaIBQVVfeXFMTmF0MXgyMXV2ZWtOSUxNbWVva2VZNVB2THNyMXd1WHBMNVhiLWpZVlJrT3lGN09WR3hTdlBORlJqNzVPRlVQTi1WQWV0YjJYbXZreWk2MnNmSHZHOVlkLXZjZmlSUGFGMEd2SFBGTWN3Y0g5SXF5aFVnaGNOcWcwM2ZXS3JjUTc3TVljZldxVDM0c1NqUmwyRmZFMFlEdm1aWmNn?oc=5,0
news,Spectranet,spectranet redefines port harcourt lifestyle affordable high speed internet service techcabal spectranet redefines port harcourt lifestyle affordable high speed internet service techcabal,0.0,0.0,1.0,0.0,neutral,"Thu, 04 Feb 2016 08:00:00 GMT",2026-05-02T15:44:33.154154,https://news.google.com/rss/articles/CBMivwFBVV95cUxNZHd5YVg2eXF4YWJYaGZHXzJydFZGNVJ2MXByd0FwNkZPbVVVMy1raWtmM3lFSlVmQnFsWnRJQ1dwUFU1d3lBbVhyQkpUUlFDRUJ5bGJtUkVoa09lcVM5T1JEeUViQTlNU1BDc1FjOER0U05KdmthazgxSGd1ZEVkSUx1NGd6X3dsMmxoWTFxcEFwNXRuZ3MwOGJIc05Ra196TzVlcjUyUTVYdHVHeDdQVFRvVGlXeUlJX1FSUXlXdw?oc=5,0
news,Spectranet,spectranet denies indebtedness assures excellent service independent newspaper nigeria spectranet denies indebtedness assures excellent service independent newspaper nigeria,0.7506,0.405,0.405,0.189,positive,"Thu, 27 Dec 2018 08:00:00 GMT",2026-05-02T15:44:33.154154,https://news.google.com/rss/articles/CBMiiwFBVV95cUxPa0F3UTl6emtOZU82b21ERFRIT2pDSDZZMUhPTU9nVDlySkM1QWVqUi0tODVDNU56V0I1bDVvZHJyRnoxUUEzcDdEbndOY2lWdjlSMGVBOVUyTUh0YVFZM0M0RVAxWmxRdkJqT21VNldMMWstT2NKOEU1VVU3UE96OFM4ejdqTU45UVVz?oc=5,0
news,Spectranet,spectranet launches evo mifi mark valentine day business post nigeria spectranet launches evo mifi mark valentine day business post nigeria,0.0,0.0,1.0,0.0,neutral,"Fri, 09 Feb 2018 08:00:00 GMT",2026-05-02T15:44:33.154154,https://news.google.com/rss/articles/CBMikwFBVV95cUxNQ0tiMU1CelUzS1pTazJXRkNXS2tzRDRpTEc5RW96RTAyeEFzcnhua3licnIzUmxKc0dPUkE1STJDN2h1N3d2QlUxY3lRdEFYQlloSTVZMDNnNDFKMkw1UUI3T2V3aV9sQlhWVTZLcU9rM0Vxa1FaX09OSFRlY2tIV2NBeGt0VFZfUDdEOW54VUxsdkk?oc=5,0
news,Spectranet,spectranet launches new scheme enhance customers experience nigeria communications week spectranet launches new scheme enhance customers experience nigeria communications week,0.0,0.0,1.0,0.0,neutral,"Fri, 28 Jul 2023 07:00:00 GMT",2026-05-02T15:44:33.154154,https://news.google.com/rss/articles/CBMirAFBVV95cUxQcFNqSmtuUGJWUE81ZHZNWnM2WnJEVFFlY0d6Snc2Vkc1TW91S2VDa2h1em9hcnktOEpoMkEwMHFTemppRmZqZnE0d2F6elVvVFNmQ0piV21JcFlYUTAtSUFqZy0xbVFUVFktVjJlY2FrcS1NalZPdDJUcV9wWWtsYURGTGlGZ09ncERkWi1nUnBybU5fVy14UkNpWGhkUFN0VVF4eUhkRlNscm56?oc=5,0
news,Spectranet,spectranet lte appoints new ceo nation newspaper spectranet lte appoints new ceo nation newspaper,0.0,0.0,1.0,0.0,neutral,"Wed, 06 Dec 2017 08:00:00 GMT",2026-05-02T15:44:33.154154,https://news.google.com/rss/articles/CBMic0FVX3lxTE1TSWkweWRYMTQ1M2o2bmZGQmlFWmZteThPT0d2LXBFdVBEQlZsQlQzQVJsQmdQUzV5ZElzOWY5X0hOMjZEYVowejVBaWZPaFpFOWRacXpPWk5kR2FzZTFUTGJaTmVYYVlJd0ZKZW1RZW8xS0XSAXhBVV95cUxOd3ZxNEYydWc3MFpOMVlkQmlIQ1ZXWjNjNnNpdzJSV0NES0o5ekFjUFNVSy1meWx5eTFQMGcxcXE5NW1QaDFQNnYyU2pGT1RKdk1Ecm95R2JNNlp2Y0RoSUp0aVJjYk1OOEE0RmNFTFo4dVpMamV2ZWg?oc=5,0
news,Spectranet,spectranet bags isp year award ntita 2019 nigeria communications week spectranet bags isp year award ntita 2019 nigeria communications week,0.7906,0.28,0.72,0.0,positive,"Fri, 04 Oct 2019 07:00:00 GMT",2026-05-02T15:44:33.154154,https://news.google.com/rss/articles/CBMimgFBVV95cUxOLWlyOW5IMHVBQjdXVUxkYW9VVjhzU2dyOTBIbHFGZ2J3ZmkxT1BPVDRWMlA0RnVTcnI0eGZUdEhBR1hFQ1FFb3RKM2tZQUo3NV96WFZlbkVyLTVyS0tJd2stSzIxdllCSWRNblF0OGRiRVpzMFNLREtjQlc2dWZhWkpOdUx3U0ZKVTFINUNCQ0ZCZnYySzcwX013?oc=5,0
news,Spectranet,spectranet introduces internet mifi premium customers guardian nigeria news spectranet introduces internet mifi premium customers guardian nigeria news,0.0,0.0,1.0,0.0,neutral,"Tue, 13 Oct 2015 07:00:00 GMT",2026-05-02T15:44:33.154154,https://news.google.com/rss/articles/CBMikwFBVV95cUxQbkFDaGlZellYUTJJak83OHd0YTRRaFRPUHJ6NnVnNTF5R21FaGwydE9lUFNabHhsdE5mUnBSQVVsWnhmNTlLSzE3d19IbHZiTTBTZjFrSE9nRlE1amJncmpmQ1c2UXRocTVTRWdEckp4SnM3emJtd2N4b2Vfbm1kZ2xlenkzbF95SnVoaWZvbzFBVjg?oc=5,0
news,Spectranet,legend spectranet merge create nigeria largest internet service provider leadership newspapers legend spectranet merge create nigeria largest internet service provider leadership newspapers,0.4939,0.174,0.826,0.0,positive,"Mon, 23 Mar 2026 18:58:05 GMT",2026-05-02T15:44:33.154154,https://news.google.com/rss/articles/CBMioAFBVV95cUxNYVRCbzBCekhuVHp2RS1aaTBaSkN4U294M0JWbHB4RmJEdUhmN1BTaUxFX3U3eldvYmpneTcyX2xkcXZrd3dnY25XYlZDWGI2bUdKeW4tUDJETGpWVzJ2Vk05ZC1HeE4tMmtYVk1nMEpoLVJKQjVqMXlqVTJWTGNSSzlNWUZoZ0tqSlkyRjBpUnRlTDhjV1BoeDNRUG5HZ2p4?oc=5,0
news,Spectranet,spectranet sets enrich customers experience new pebble mifi brandcrunch nigeria spectranet sets enrich customers experience new pebble mifi brandcrunch nigeria,0.0,0.0,1.0,0.0,neutral,"Wed, 02 Aug 2017 07:00:00 GMT",2026-05-02T15:44:33.154154,https://news.google.com/rss/articles/CBMifkFVX3lxTE1xODNxMkEwR25yc2lSaTdGU2FXZ29YVWZ6a0tfOFZhX1N2a2pwemozU3hVNkRNZnVYclQ0aUV6NTZHWjZkdEJVMmlFRjFiNXRWMjVSYk92Z2tWLWxaNk12b2lTLXJaSjQ5eHV1QWZta0hDOEg0Z09vbVhPRURJd9IBgwFBVV95cUxPUEE4U1VJRVlrT044RjZRSGhuSjlRbGRqS1cwRE1UVGJtMDVWNlJidmlRRE1XMDNtU05mbUliTWNSZlBCd3dmdDN4MkU1MlUxWjgxN0FJVmJIcmJPZ2ZSN0ZrWGN1SHRscnJ3UTBqa2p6TzBreTRJcC1DcjVlRVcwTVdaZw?oc=5,0
news,Spectranet,spectranet launches spectrarx internet device repair centers daily post nigeria spectranet launches spectrarx internet device repair centers daily post nigeria,0.0,0.0,1.0,0.0,neutral,"Thu, 01 Jul 2021 07:00:00 GMT",2026-05-02T15:44:33.154154,https://news.google.com/rss/articles/CBMimAFBVV95cUxNT040NDZjVHcwekV2b2tpVDBrOEozTV8tX2tTNFdSQVFyZTNQeTVOWFBWQ2k0aS0wX0NON2Z1aG9HRVJxOHZUamZFZXBmc1VBNUR3OGZqWklVSkNGU0RUNE5JX0ozWlVRQk5hTlNtdHJfOG5lcFA1U1h0a3cxbXdfLVlIM0RTZi1XcFZaaDdsRnRUYTVob3cyRQ?oc=5,0
news,Spectranet,spectranet delights customers new shop abuja guardian nigeria news spectranet delights customers new shop abuja guardian nigeria news,0.7184,0.273,0.727,0.0,positive,"Fri, 28 Aug 2015 07:00:00 GMT",2026-05-02T15:44:33.154154,https://news.google.com/rss/articles/CBMilgFBVV95cUxQZVdXZUNBejI0LU10UEcxQ0syNm5PZnc4ekxRU2JLWXZ0VjgxaFl4bG00ZUxvQ2FORzMyTHMxcjAweUxBQ3RrMHlEeGJpN2xLeG5qMnRKRmJDcHRGTDd2emExSDcwOFB3OVByTEg5bElrTkNQUFhNLV9tZFZORjZDWWdFX1RpN2Zfcm1xTjFNZzFaQUQzVmc?oc=5,0
news,Spectranet,spectranet introduces jara scheme rewards partners marketing edge spectranet introduces jara scheme rewards partners marketing edge,0.7351,0.307,0.693,0.0,positive,"Thu, 20 Jul 2023 15:41:51 GMT",2026-05-02T15:44:33.154154,https://news.google.com/rss/articles/CBMihwFBVV95cUxQay1XWWJha2stV2ZPOExlMGVHN1JibGIzV0pZUE13UERTX0ZRRFIwWVBYazNBWmRnc21QNnVQeEY3NXp6ajNEVWt1WVZKaTJPVE9mbnVGRDlLWEZNekczVDloRTFLMUlTTUV2OGQ1RWFwemptMTlfQ1F0aXpDUVhTa3V5SUQ2U2M?oc=5,0
news,Spectranet,spectranet launches car lifestyle product targeting premium internet customers daily post nigeria spectranet launches car lifestyle product targeting premium internet customers daily post nigeria,0.0,0.0,1.0,0.0,neutral,"Fri, 06 Dec 2019 08:00:00 GMT",2026-05-02T15:44:33.154154,https://news.google.com/rss/articles/CBMitAFBVV95cUxQaUVGVXA0MDluWnZfSVVfZU05aURnaTFCdnpldjAzWFVibV9aNFJhNkFkOGJZaWxBcTVJUVN5Q21OVzZJVjF6VDJxR1hlM0lJdEdVRGsyS2NyV0pSb3VLMjBWZlpjTkxLUWV2dC1YTmlvb1VMQ0NxdWViSGlzMVU2SFRZY1o5Y0FWT0FFalJmZ050SDNrQmRDOWtoN2JuQWJUTGFDWkNJWXR3UDNDVm91QWNEbUs?oc=5,0
news,Spectranet,spectranet repositions network independent newspaper nigeria spectranet repositions network independent newspaper nigeria,0.0,0.0,1.0,0.0,neutral,"Thu, 15 Jul 2021 07:00:00 GMT",2026-05-02T15:44:33.154154,https://news.google.com/rss/articles/CBMidkFVX3lxTE5QV0JNaE5reHZjODZGX2ZmekZ1VWExYjFzTVVlOVlGSHY2aTV1UkJYazNQWXlkX29hZ1pSc1NFaEdyM2FVRVVKckE0dmVBN1MxNU0zZzFvYi1rWmFkaGxPWTlPODIxak45NS03TE9PM3dyODZuSVE?oc=5,0
news,Spectranet,spectranet announces data bonanza customers watch support super eagles daily post nigeria spectranet announces data bonanza customers watch support super eagles daily post nigeria,0.9217,0.398,0.602,0.0,positive,"Wed, 13 Jun 2018 07:00:00 GMT",2026-05-02T15:44:33.154154,https://news.google.com/rss/articles/CBMipgFBVV95cUxNQjljNUthMkZMYVhqMGV4cUwwMHduS0tsbldBeFF5SkJQNEZmc3VMMk92VUc2Y2VmX1JLQnJ2Ulp6S1NMVWVwM2d6eG1lTjZabUdNb1ZZaU1TNm5feWZuMl9PNTQ2SUpBclpGcnpMQnBjbDEtNmExeUpxTElMU3FxemNINFdVNU02ZGl3NG5NYlRia0pKb2ZGeHZQc185YWtuWFRiUnh3?oc=5,0
news,Spectranet,spectranet coverage areas available data plans legit spectranet coverage areas available data plans legit,0.0,0.0,1.0,0.0,neutral,"Thu, 31 May 2018 07:00:00 GMT",2026-05-02T15:44:33.154154,https://news.google.com/rss/articles/CBMijgFBVV95cUxPVVFQd3RieXpYM3NLbmowNFd5MGo3VTlYbG5iTk85RG5Pak9EUkJSdkgzSTVNaFM2LV9RSTQzTUozLUxzSDB5S09jMzcwZnE3OHRlUWh6OFQtaEJPRDBMNEt5djAzLUQzeFhocm5TWURUZ3o3Nng3eFhTVVdzMm1vcDBHQlZSUjVMbFdFVDlR?oc=5,4
news,Spectranet,top internet service providers nigeria geeky nigeria top internet service providers nigeria geeky nigeria,0.1027,0.214,0.595,0.19,positive,"Sun, 31 Mar 2024 07:00:00 GMT",2026-05-02T15:44:33.154154,https://news.google.com/rss/articles/CBMic0FVX3lxTE1zc280VVZ6UDlnRE5WdnBiX01ZRnRnN0hCckI4YlNaamZxU1h6cXZfLVNkQVZsWGYzM3JkbnR5aFBPbGp6aHZ0NG5rWmZQWFp2REZFZVlMQ3A3UDg1WThNcWU5ZTVQNXdJNTdaTWcxanM5N1k?oc=5,0
news,Smile,target mandates employees smile make small talk bid lift holiday sales new york post target mandates employees smile make small talk bid lift holiday sales new york post,0.8555,0.302,0.698,0.0,positive,"Sat, 08 Nov 2025 08:00:00 GMT",2026-05-02T15:44:36.561468,https://news.google.com/rss/articles/CBMiqgFBVV95cUxPc2hrZ1BxYTBXX0dfX25HUEVDdHY3S1l6N1lDS0NleU1LOFdZSTh3WWVZdXg3ei05NHl2bmttR2VQeWt6U2JJa0toUjRoMFVCekFiTDY5VTdyV1VKNDhZTzBKN2oyc0s2Rng4OU5TWkZTb290YlM1b2o1V0I2eEZFajJzOGkxcTZrV1lkS29nU1gybmNBZWVhVDJ5eXF6SklnU0VNcXBVV2ZQdw?oc=5,3
news,Smile,learn drives customer satisfaction business com learn drives customer satisfaction business com,0.7003,0.367,0.633,0.0,positive,"Tue, 27 Jan 2026 08:00:00 GMT",2026-05-02T15:44:36.561468,https://news.google.com/rss/articles/CBMihgFBVV95cUxOUXBOdHNtb0xGY2ktbWdIeW5vd3lCZUJZVjRhaDNNZVk1YS16NFdEcmRZWURSTGdncVlMNXZBQkhTVmZBLU5CbDZyMWhrR2ZmWU14cGJpemluREJ5azl6WU0yZUJaR1BzTk1oZHJPMzBfVlBQVnk3b1FxUlJaeEJjRTNhSGN1QQ?oc=5,3
news,Smile,target requires workers smile shoppers really boost sales economic times target requires workers smile shoppers really boost sales economic times,0.8746,0.407,0.593,0.0,positive,"Wed, 12 Nov 2025 08:00:00 GMT",2026-05-02T15:44:36.561468,https://news.google.com/rss/articles/CBMi5AFBVV95cUxOM1pBVkVWelowX20tUFo1cV9aaVNTa1h2MVIxZmFFQWVVVVY1ZjVZbmxPMllPbDJUWE0xVWRDdDhLcV8zX1cybWhoQjNnN1MwWGFCSjV3S3B1bGh3cHpxa0JlTUhnTWk5cjVOY0V6Ym9KZzNFUGt5Q3NiMmZkS2lPQjlKZk93cXVNY3FVeG1SWk4yYzY3alhnNHBqWE94R0NYcm12TXlkS3VNejB2bzR5NjhKM3RacWY0cGpESEZwMEdqZ2NkRnpyOGtwSXdYNFNqYlp4SDFuZ3h3eHZaZnIwWW9iVGTSAeoBQVVfeXFMTzlydnFBS1RCeDhYZUwwdVNyOVdIWTBRVW5lUDFaRW5fTFNqNDYtRlR6NnhNU1hfa0h1RG1DNlozdF95ODdVQ01OOFlLTlNVSHFFUkE5dGZKZFNhSVlpdTV2bFFoTmp4RTgzMUFYUWhPUHZJMTlObFA2UUhxRlhwWHA0QVFOQjUxYVpIVXVsSmpuaGpwZ2NDVXlHcE1BSTdWRVdzR0VsTHJrQ09vWFRsaDBNS21oNUN5NW5LZS1GMW5CUVFPellRZURhVVlweC1PVnNsUDdtMnJ4NTJDcU9hY3hNdTJoZVhVcVJn?oc=5,3
news,Smile,smiles enough power standards systems customer service forbes smiles enough power standards systems customer service forbes,0.7351,0.307,0.693,0.0,positive,"Sun, 26 Jan 2020 08:00:00 GMT",2026-05-02T15:44:36.561468,https://news.google.com/rss/articles/CBMixwFBVV95cUxPR19rYWNpaElDQVRRakRlVE0wWTcwN1R3S3RaNFFZekdXS19MM05qQl9neTh4c1hKbUJXam1zU1NucThWMWE5d1YySTc4NFlQSkpHX1I1bktPblJMVXFad2xncHpBb01FbUhzUXAtNTRjeVgyem9aU1ZlRXJva1ZzVmZadzh0cXdWbnFzUHRUU0ZvQTB0TGVSSXNyejUzNTlGMTMyMXdSTzNHRnN5Ylp3Yy1nYkxpUlhmN2E1RV9Jb0hELURsSnRR?oc=5,3
news,Smile,cashier broke internet one smile changed everything lotus malaysia trp rakyat post cashier broke internet one smile changed everything lotus malaysia trp rakyat post,-0.1531,0.163,0.654,0.183,negative,"Fri, 12 Sep 2025 07:00:00 GMT",2026-05-02T15:44:36.561468,https://news.google.com/rss/articles/CBMi2gFBVV95cUxPbE4ySkI0RVVCUzNMSktqbUQwdkFmdDU4Z0pVbnlSREZ3ZV9qX3MwSmRPanFJcVBveC12QUtCSEpmOTNzYU5ncld2MGk1Q2tCejNGSXlhRVNaQjRsWDZIYjlZUDh0a1pLdlljT3FCZnRiSU9OeU9HMEowNDN6a1lfS3p2WVR4MHdEODRDcmtUbGpCeDF3enphU2hmdFJzNl9EQnlLc2Jnak03SkV6Yy1yMFZRRlJKMVhMOVJldU52X1FDdW5KX05XOVF3UHF3TzE4dXpROU92Qzg3UQ?oc=5,3
news,Smile,service smile costs think uga today service smile costs think uga today,0.6124,0.333,0.667,0.0,positive,"Thu, 15 Sep 2022 07:00:00 GMT",2026-05-02T15:44:36.561468,https://news.google.com/rss/articles/CBMiZ0FVX3lxTE9YTThOQlVWTW9ORkVjWE5jdUU1R043ZDg4WUtYT3BUSHhMWXg5M3NNSURiN216OThWVXRsZk9sNEdkS1IwVnVZX01COTJXcWdSek9xd3RrT3QtWGJZak8yQk1LODBjNXM?oc=5,3
news,Smile,comcast internet cheap still incompetent smile politely comcast internet cheap still incompetent smile politely,-0.296,0.236,0.472,0.292,negative,"Mon, 29 Mar 2021 02:43:26 GMT",2026-05-02T15:44:36.561468,https://news.google.com/rss/articles/CBMijgFBVV95cUxNTUY5NWktZlZKcG5HV0lhd0prS0xxWFM3QXY2SG1HbzVaNkdWVFY1V21PanJsTDU2bk1JZ3FUVmZxOUJEalZZODhKWi1OM3JHLVppei05RjZjX24wYWhxOW5WakhYY0hUVzR0UmdhSnFoeklXb3dabFZPb29WbU9IdTd1Q01aN003Z3pRSlJ3?oc=5,3
news,Smile,customer service smile consumers weigh nbc chicago customer service smile consumers weigh nbc chicago,0.6124,0.294,0.706,0.0,positive,"Mon, 16 Nov 2020 08:00:00 GMT",2026-05-02T15:44:36.561468,https://news.google.com/rss/articles/CBMimwFBVV95cUxNYzZ6bXk1SWNtSnIwQ1JKVkxlakxudWdoZGEwWnBzY2xGVTQtWHZuZU1yRFBWRlJoS0ZlR2lfaTVsS2xiMkZCamw2V3hTLTYydmxWVWV6al83cXYwNExPTG8yTERIXzdfTHJmYjN2Z1RYd29uUXVJWWJVTjBLWnJ1SjlGZ2NyTmRoTjhtV1dWX1RoWmt6Q0lQdEJuSdIBowFBVV95cUxQTWZMdzd2ZUJYUUt0Ump3VkJ6MzN5TEZhV0hTdzVkUmdhT3Z6SERCLVFQM01qR1AxTE5tWlBWbkZ2WGFQR1RFejFSZi1MS0ZkVkJUMDJLNDZLNG00LTVPN21FYkRRMjRvT1YyVGtzODlGZXFCZUxzUTJNQ0Q0S3FtTzZhX1NJTzlKZzlvRmN0TTBjcndoLVV1aWdxcHZvU0hoMjdj?oc=5,3
news,Smile,operation smile bridges gap access care azure openai fabric microsoft operation smile bridges gap access care azure openai fabric microsoft,0.886,0.416,0.584,0.0,positive,"Thu, 14 Nov 2024 08:00:00 GMT",2026-05-02T15:44:36.561468,https://news.google.com/rss/articles/CBMinAFBVV95cUxNS3Eya25FeVd0eEstTEJrZTN0bHlNS3A0Z1JCSjJSOF9IaG0wTWl0WWl2cnNLbWJVbGI2Qy1EMHladnlLNlo0eGI2U3ZySWk3S2xtcElYeHZfd2U5YnB6WFVwMjZremFSdzJtRDM2Qk9IV3VhYXU2T0M0cEwyNng1b3Y5T2YwYnI0dEZ1anphSDcwdUI3NUJFUjJPb3Q?oc=5,3
news,Smile,spent years hating crooked teeth changed elle spent years hating crooked teeth changed elle,-0.765,0.0,0.645,0.355,negative,"Tue, 24 Mar 2026 07:00:00 GMT",2026-05-02T15:44:36.561468,https://news.google.com/rss/articles/CBMiiwFBVV95cUxOVE5oelBvcnZYT0F3MFBXckJWTjREM0k2Tl9KSVhINk5LYWh0YWpJQ05may0xalVnbmF5WDczSWt1RzV2R0tlQ2JhTU9rcmZZUHFFa01vczktcEQwM3ExcU5jblgzeUE3QXBrbV9lYy1fNF9hNmxMMEFOQXZlUlA4ZEhCbllFOWw5V0w4?oc=5,3
news,Smile,target employees must smile progressive grocer target employees must smile progressive grocer,0.6124,0.333,0.667,0.0,positive,"Tue, 11 Nov 2025 08:00:00 GMT",2026-05-02T15:44:36.561468,https://news.google.com/rss/articles/CBMibkFVX3lxTE5IQ0w4eWpYYlljcTMtaC1MWnlvY2Y4SEFsQ3VkV2RVRnpMRmctTEtFS2NKelZkemxkZUJSbGloV3Y5aWFoallvLVpER0QxSXE3c3BzTDNEbFRKZWZtYzM1SjE4R29SRXotdGdzdFJn?oc=5,3
news,Smile,reassessing customer service smile drug store news reassessing customer service smile drug store news,0.6124,0.294,0.706,0.0,positive,"Tue, 21 May 2019 07:00:00 GMT",2026-05-02T15:44:36.561468,https://news.google.com/rss/articles/CBMifkFVX3lxTE9melR5ZXZqa3FqM1h4V3JVcnc3aGMydmpVQnBFUnRKT25OQUZaSWx6aWRlemhScVF5MHNLc0pmUnpvelVTTV9qSHZNNzVmNTNjX2JDQlBRaTM2aVV0YUVud2hzUGdTVlpmN3phR3JVdVBfLVNkeXZmVXJIUzcyZw?oc=5,3
news,Smile,service smile progressive service smile progressive,0.6124,0.556,0.444,0.0,positive,"Tue, 26 Jan 2021 08:00:00 GMT",2026-05-02T15:44:36.561468,https://news.google.com/rss/articles/CBMibEFVX3lxTE1BX3E2UC1vX1VScy0weEVqUkt6Ul9sM1p1LWhickhtYl9Ta1Z6UDI3NU5FQ1FEY2F5U1FDRUx1cmJrOXFOMGVreVlaWlFyX0NETXUwdU8zZXVaZTZlV3pkTjE3UDNPclpmaU9mWQ?oc=5,3
news,Smile,contact amazon customer service amazon contact amazon customer service amazon,0.5859,0.531,0.469,0.0,positive,"Thu, 12 Nov 2020 10:03:46 GMT",2026-05-02T15:44:36.561468,https://news.google.com/rss/articles/CBMigwFBVV95cUxPMmJBaFFZN1FiZWpKTl80cVdXTjEzWm9vVVQ5bjczc3ZXVmhKbGVVdi14UWQyU29RUzlwdWYyNzdtUE53Q3llUk5pZVhqOTJrRzdPWmR3Nk9mQzAzdHlpVUxuWkRqbi02SzRXRXhaancydVhScEVVSGstb2NZVnAzNy1ESQ?oc=5,3
news,Smile,service smile faking emotions work makes drink study suggests usa today service smile faking emotions work makes drink study suggests usa today,-0.1531,0.175,0.629,0.196,negative,"Fri, 26 Apr 2019 07:00:00 GMT",2026-05-02T15:44:36.561468,https://news.google.com/rss/articles/CBMiyAFBVV95cUxNTGs3bzd6ZzZ2T2dkcDVGam9QT19Vc2xLbjVpeDRfVnplT1Q2dFRwRjI2NTlnU1MwaEswNFFsX3V5WEpXcVBhdlN0bVhyMEJXUlhidW9TeFRRenJXd3VBUWNFbWYtaDRSc1dqeWlsb050WmNLRVBZM2VuUWkzc0YyRDdUZDZnbTRzV2FqX0hnazd4ZE9DbXNuV051dWZ4ZlJNMzY3WVNWNnVfT19Kc3dxZUFVekpZTXFWV280QzJDcjRFSDlLMzB5OA?oc=5,3
news,Smile,target wants happier greetings stores new policy kare11 com target wants happier greetings stores new policy kare11 com,0.9081,0.47,0.53,0.0,positive,"Mon, 10 Nov 2025 08:00:00 GMT",2026-05-02T15:44:36.561468,https://news.google.com/rss/articles/CBMirAFBVV95cUxQb3VxZTB4QUJRUlF4b0FsYUxydlk5LWZ2MTVicElLQ2l1WU5wMEpnTFB1bEsyUER2ZDhNUklaYjU1M3l5UXJhQ1NZaGNjMjk4WjBWTWpkNVRfS0tEUnM3WkI2SUIxRlhPczNBTVZBMEZ3REotcHdkTTcyLURZS3BDNGlqcFB5RjJxdC1nVkdNSlVPQ2phOURwRUp4R0NuR0tySy1Hb0hlQkpMbm9C?oc=5,2
news,Smile,customer service smile comes big price huffpost customer service smile comes big price huffpost,0.6124,0.294,0.706,0.0,positive,"Mon, 07 Jul 2014 07:00:00 GMT",2026-05-02T15:44:36.561468,https://news.google.com/rss/articles/CBMiZ0FVX3lxTE01Qk5WajVQdG1NN2Z3Y1FwejBMQXJuMUdYcHUtWDZuUEJDWW1nWTlzNmN6VlZxMWp3OFU2T2F0SDFFMUh2enhONllreTRCRnVmVDVfc0ZMcWZRc0ZMZkdWeGFrTm5VajTSAWxBVV95cUxNZDVYb3d6TjU3cnhPRkNOMjNpcU1mRVBDaWNkUGdaMW9IYVdyT2E1bmM4LTNnMzgyZWoxcjdnQlBUYnlmaHNqQVR4QlAwU3RCOWRBOGtOOEhNSER1Umd3NTJuVEl3NnVuaElZQUM?oc=5,3
news,Smile,smile christian dating site started florida times union smile christian dating site started florida times union,0.6124,0.263,0.737,0.0,positive,"Tue, 30 Nov 2021 14:47:07 GMT",2026-05-02T15:44:36.561468,https://news.google.com/rss/articles/CBMi2wFBVV95cUxQT1AtR0ZzM0FKdm1LN1ByMnU3MmFmTXl6UlBGN0FHWnN0SlROZndTUzhiWk90SGpPRVVRR3dtTmxEcmd5dEUxTjdlVjczNXVZU1luLXpyVXhTdU5BdXJIc1dQbVNZNXdLYVRDV2JGaUR4OUxfRlIzSlQ1RVJxc0VhczZqQzE4clBXOWMzTTNaNXFBY1FieXRGZHphQ3BacHdzb293ZTRDT2kyLUxkNzN5akdKSFZ1VHpyRjJ5b2pvYkFkNFRjY1pjcjhoWlJFQnU0VHc0eUpHcWE0bW8?oc=5,3
news,Smile,good fibes part three volo peter folk smile politely good fibes part three volo peter folk smile politely,0.8689,0.435,0.565,0.0,positive,"Fri, 18 Sep 2020 11:04:35 GMT",2026-05-02T15:44:36.561468,https://news.google.com/rss/articles/CBMihwFBVV95cUxNZy1JV1N0b0Z4cjBmSmV5U203aDJuNzhLamFRM214eHU0a0t4ekhYazk1Sm83NHpfbzg2WENrUEpiQjNXSkdwcHpMMUZHd2V1ZkV5RjNiSzB3NUxrSU9qckVZcEJXazM4WHJiV0Z6R1hzaTZjQWgtdDVZRFFjSTA5V1lBeGttb0E?oc=5,3
news,Smile,target forced smile rule creeping shoppers business struggles new york post target forced smile rule creeping shoppers business struggles new york post,-0.7184,0.156,0.5,0.344,negative,"Sat, 07 Feb 2026 08:00:00 GMT",2026-05-02T15:44:36.561468,https://news.google.com/rss/articles/CBMioAFBVV95cUxPRjk1a3VZZEktV0E4MFJINlNZUUZnVC1rc19UZlRQZGduLTg0RWpfSF9hbkR4VUFWSFVmM19QNkc0WG81UnN0OThnbWFpbnR2cS15MkFtMHdyMXo3ZDR4ZW52TUczMU9hSWVZQWJERkFES1dCRzExRFNlMlJyYkM3S0RfVGllbzhBRHpSN3hqekN0VngzdlV6TlVLUHVZOHVO?oc=5,3
news,Smile,women sharing creepiest things dealt men buzzfeed women sharing creepiest things dealt men buzzfeed,0.6808,0.318,0.682,0.0,positive,"Mon, 23 Mar 2026 07:00:00 GMT",2026-05-02T15:44:36.561468,https://news.google.com/rss/articles/CBMifEFVX3lxTFBuMXZMVTZmOG96dWd6ck80aVYtM001WFNCMFdGQmFHQ0s2V2s1ZnUybmJFSElvb2VzS0tZWWQyV1BiUzZoU1FOdE92bFkwc3hVeW9NMlVkdTI3RV9yQ2tmOGkwQy15YU9JR1FKNnBjX1YxZXpNRUc2ZkFGQkw?oc=5,4
news,Smile,bot judges much smile job interview fast company bot judges much smile job interview fast company,0.6124,0.263,0.737,0.0,positive,"Tue, 15 Jan 2019 08:00:00 GMT",2026-05-02T15:44:36.561468,https://news.google.com/rss/articles/CBMingFBVV95cUxOYWI2SjdOZldTcFFaci1pNnBTcS11UElWdmRaY3RjemtPRTIwVnI4bjRBZ1liRFYzdUlhTV9VWVBfMjd6eV9Sc2dzN0pqYW80UVUzYVpvNHN6V18taTJwYkRlLTJfWHBGeS1tQ2M4YjdyMFRZU3oybVYtVjZlUzVNNS15T2dYdXR0UEhUUG5zRXlBNm40WXFGNWZtV0VTdw?oc=5,3
news,Smile,american airlines gol loyalty members enjoy seamless experience enhanced benefits airlines american airlines newsroom american airlines gol loyalty members enjoy seamless experience enhanced benefits airlines american airlines newsroom,0.9559,0.458,0.542,0.0,positive,"Tue, 17 May 2022 07:00:00 GMT",2026-05-02T15:44:36.561468,https://news.google.com/rss/articles/CBMikwJBVV95cUxPV3hTWF9fSXpVVkxCTEZzWExWNDBSbUNuYUZzRGlkZ1ZMc1c1Zl9mT3J4V3hGeVZocHlLS1RwUVF3U3V1UHNETVNlcHJZWGJhOFEwOTQ5TFdMZzRvMWFBWEQtVF9LOGhTUGVoODZyc09jT0dZSmwtRjZhUDhwdFRiZXNxWE5CNzVJQlJQOXJHMDRhd3R0ZldoRWVfWHFVd2F6eVNHd2xCVkN0MUx5WTd1Q1dETW1ZZEFaV0FXWmNrMFozR3pVVDZTMUhhcGY3ZzZhbmd3d2hoakhabUd5dXExN293YlVyN3hsdnhBTHdqRVBvVnYzWXh1Q1pyRXlhQ3JITkdZMDE5cHRKS2xwUEo3VGJpOA?oc=5,0
news,Smile,starbucks barista smiles big bucks bonus may usa today starbucks barista smiles big bucks bonus may usa today,0.9217,0.485,0.515,0.0,positive,"Thu, 02 Apr 2026 07:00:00 GMT",2026-05-02T15:44:36.561468,https://news.google.com/rss/articles/CBMimwFBVV95cUxOUjBwMUNtbTBqR1d1amVELURkWTh3bUJZRV9iSUxsRmEtOTRmbUhUbmtMYUV1aHhVNUVBakNfcnoyanJ0MUZ4Xy1FYVhsM2pXN0lranJNVU02MlVZb09NUC1Mc1NMTTZiYnAxeWlyMGNEMGJXLVAtSjYzQzJCQk9vSUtxR0k4Y2RXUmJpaTNDUXd2NVRRdE5IbDZEWQ?oc=5,3
news,Smile,faking smiles job leads heavier drinking work study finds cbs news faking smiles job leads heavier drinking work study finds cbs news,0.1531,0.208,0.604,0.188,positive,"Fri, 12 Apr 2019 07:00:00 GMT",2026-05-02T15:44:36.561468,https://news.google.com/rss/articles/CBMitwFBVV95cUxPRV9vSy1uY1YyZV8wSVNrZm04MXZzcU9ydjRTZ1ZuZkh3OTRIMFlvUmJhODZ6T2tWWHR2cl8xUmNoUk00anh6elpRVEwybWxYWE5ESnJsRHpWTVp2eE1FSTdHUy03c2pvMU1IVHUwbVgzRkpDRHZoN2taa01SRjAyblhQNTExWWRWcnh5SEl6SHNzeG1jWDJqTDAzSW5mSUZkU2RLdm1qejR4MnRTYVZOanI0dW9jZkk?oc=5,3
news,Smile,target introduces friendly new policy pump sales work huffpost target introduces friendly new policy pump sales work huffpost,0.7506,0.286,0.714,0.0,positive,"Wed, 12 Nov 2025 08:00:00 GMT",2026-05-02T15:44:36.561468,https://news.google.com/rss/articles/CBMilgFBVV95cUxOdm5uZnFUWmZDUkJoNjd3RkRJdmZHTHpuUEJUQTdfWEdjTEZUWDZZd2U2NVpqamFIb1Uxb0lsZ2RsS3BKcUYzX1NqV1ZZQUJqUGtUNDlsN3Y5cEFPM0F6RGRLc1M1T0RrTHJfLVhMcmxEaDN4OFNnSnM1UjZtVzdERzg0VFBCSXBUa1hyLTRkUElveV9GaGfSAZsBQVVfeXFMT2o3UW5DT2dBTHJJVDY1MjhsYlRNbDRVNF8yRkZKUkZnWDVXLUl2TlMteU1XRW1tRWp5U3VaLW14MzBoQmlVUTVNZTZrS0VudENWRXc2STBWNXFXeVVXWFZKY3JtaVRKbzJDZ2NSaDN1TU14cEVqWVBQSUdvdVo0QTE3eTk5UzFtOS1DdWlnazczSVI0ZklQZ2VUdnM?oc=5,3
news,Smile,consumer alert smile irs may ask selfie get refund whec com consumer alert smile irs may ask selfie get refund whec com,0.8126,0.343,0.657,0.0,positive,"Wed, 16 Mar 2022 07:00:00 GMT",2026-05-02T15:44:36.561468,https://news.google.com/rss/articles/CBMitAFBVV95cUxPM2t3d05BZmN1VEVmNjdxMmhvNG5JMzd6STNITVVaWkowSzlaY0s0WTVid2dKNzQ5M01zMzB4aXo5bFVRWjBXbjZEcms5aXBuOWtXS3FGWWI3ZV9TLTZQbHZEWVAyUlQwd0tzaFh4eUdtWGF6d1NNc2tBS3BMNFNqSGViMmU1dzNtdi1NeWJGbjFXdU90dVJtUEJCYm4yUDFRZExURlRLUWVXdGw2SThma0xVQWM?oc=5,3
news,Smile,watch language science finds people fake real smile arkansas democrat gazette watch language science finds people fake real smile arkansas democrat gazette,-0.296,0.171,0.616,0.212,negative,"Mon, 09 Sep 2019 07:00:00 GMT",2026-05-02T15:44:36.561468,https://news.google.com/rss/articles/CBMikgFBVV95cUxPZ1NacDVxWGRpZUNpZGdDWFhXd1FGV1FVQjhCSk9YTFJaS3pVUTl2Q2ZwN05iNDh1MzRDSTRfTEZuaW95bXEtV3pWQm9WajlfRVNqZ1IxaTdTWmhMNnc2N3pPMlhabTJBQ1dLVWNWeWJfcGd1UndXTXk3cENWNGtTYkh5a0NJaENqck9uM2hoNGtwZw?oc=5,3
news,Smile,hands review smiledirectclub healthline hands review smiledirectclub healthline,0.0,0.0,1.0,0.0,neutral,"Wed, 03 May 2023 07:00:00 GMT",2026-05-02T15:44:36.561468,https://news.google.com/rss/articles/CBMiakFVX3lxTE00aWN5UGNXRUE5Z21zLXZtWElpcUw3VjFqeWFSdVY5U3J5S2NYZDZnRFJZYUlXd3E3YXpUVXVDYVhHU29aUDZxS25ZbEFXZDlHblBFcjVOWjVnV3F0MnlSX2EtbGhRam9WNFE?oc=5,0
news,Smile,uganda smile blames atc month outage developing telecoms uganda smile blames atc month outage developing telecoms,-0.1027,0.223,0.536,0.241,negative,"Tue, 20 Jun 2023 07:00:00 GMT",2026-05-02T15:44:36.561468,https://news.google.com/rss/articles/CBMiugFBVV95cUxQR1oyMDUydEtoejRNRWc2Vk51MnJuLUxWb2dZVFVoaDJlYkRSYl9teXN5YXVVYmJMY1VVRUNyUXdrTWlzMng4eHEwLS00M1ZlY1RUcHJwOVVQbzZoZk0zRWxGZ2l4cUxMZGVtN1BXcHAwbjNQdmNGQjE3RmRhY242ZzZrb0pRbThhMjFqNTFCeFNHSXgwWk00ZzdWZXVPRDNFOGM2LW91LTVCRVM5NXRtZW9RcjQ2cEFqRXc?oc=5,3
news,Smile,serving customers smile much jerusalem post serving customers smile much jerusalem post,0.6124,0.333,0.667,0.0,positive,"Tue, 10 Apr 2018 07:00:00 GMT",2026-05-02T15:44:36.561468,https://news.google.com/rss/articles/CBMijAFBVV95cUxNWWVnRGgtNDB5bzJhUTVRTFVScWxBb3VBNW9FLVUtOTV6b0lqT0I3dHNTUktHdDhiVUdBNEZ2RDc5MURURmNaNlRsaVo0d21LMnEzRTI2MUlRNXFuSHdrUi04SVhHXzBIQlNfUlJZU1BEVk5YTTZMUDJyR2VteGxndUJYLVhNX2JQU0pGUg?oc=5,3
news,Smile,smile communication launch internet voice call services business news nigeria smile communication launch internet voice call services business news nigeria,0.6124,0.217,0.783,0.0,positive,"Mon, 01 Feb 2016 08:00:00 GMT",2026-05-02T15:44:36.561468,https://news.google.com/rss/articles/CBMiowFBVV95cUxPUWV0aDVBOGlPdEx3VFhHYUxpU1k2cFUxbUtQc1pWMG9VUFRVNFNmMnFna3RUd3FFUk9jUzJVWWZ5al9VU3p5Vjh2X2tETmk2OUN6OF9Db1gyVlVYaDBSNjVvZE40SlJpMk9Pd01qSnJqbzExWExUbUFBMVdNRlVXSENsRWdCS2daS1hrR2R6c24wRUNCczV3RDZhbGxmUHh3VFVv?oc=5,0
news,Smile,smile wins internet access data connectivity provider service awards business news nigeria smile wins internet access data connectivity provider service awards business news nigeria,0.9545,0.505,0.495,0.0,positive,"Mon, 29 Aug 2022 07:00:00 GMT",2026-05-02T15:44:36.561468,https://news.google.com/rss/articles/CBMisAFBVV95cUxPVERhVGVZTUNQYUxtcE5JalV3NkJtcGt2VFBHWGpPaDFKbG82NTBJcXpDU0d4THR6enRuNGhjT3Y0SUZ3SWhwQjRZTHc4WEEza2tyZmhzNDlrZGkxV1lmakFZdHZ4LXI2SzluLVRwSUxXTS1pMVJpUmtLQVRwUmlJZE1xVlZ2YUYwSVA0aHp6a3doa1FCQkdBUnpSazNRd0s2WDZ2RUtYZUhEMnFocHlySw?oc=5,3
news,Smile,colleen barrett talks herb boots service smile runway girl colleen barrett talks herb boots service smile runway girl,0.6124,0.238,0.762,0.0,positive,"Sat, 28 Feb 2015 08:00:00 GMT",2026-05-02T15:44:36.561468,https://news.google.com/rss/articles/CBMipAFBVV95cUxOMG9VZWZZMlc2Sms1MWNMRm1zUmQ0OWQ0T25qMmlpbnNqcVRkMlV6UVRmbU52MFdzdTRKM2JhNzJzTi1MTmFVU1VhRnJLbHMwaHI1RjdxUFdRSG05Ujdrc2ZxSk1XVnR1aEh3Sy16c2Nya2FyS0RHLXBCbFJQaThoU3lyWkRzMURUZndWbVp4a2dqWjlzS3JJbG94cVZ3ZXhhdUNHYw?oc=5,3
news,Smile,vodacom tanzania acquires smile million support rollout plans techpoint africa vodacom tanzania acquires smile million support rollout plans techpoint africa,0.8555,0.394,0.606,0.0,positive,"Tue, 16 Apr 2024 07:00:00 GMT",2026-05-02T15:44:36.561468,https://news.google.com/rss/articles/CBMib0FVX3lxTE5RRXNFWl9XUjBsd0Z6NEZQRnNYLUktRmRGZHRUeGs5azAwenNFZ3pVaGVtMlFCUEJWTGpaUm55RDZKbTNWMDdvVFpxVmlHREVPMkJMUEFZSVN2ZTZJU3B2OF9MOTRJdWhYaXVVTHhEYw?oc=5,3
news,Smile,alibaba launches smile pay facial recognition system kfc china cnbc alibaba launches smile pay facial recognition system kfc china cnbc,0.4939,0.21,0.672,0.118,positive,"Mon, 04 Sep 2017 07:00:00 GMT",2026-05-02T15:44:36.561468,https://news.google.com/rss/articles/CBMiqAFBVV95cUxNS2t4S3E5NXBzcVE0bmF5SlhVdlVBX25RYTJNMTlad0hoLU9IbWFWcHRhTXFjRllyaWNLdkRvYVV3RWFJR1JwVFNJdXpKX29iYVpxZHJwSzF2WGRIN25UUGVQbnRPUUdTbDMwN2FTUEdDRUF6UjN5QjZZV0d5dHoyaXotU0lnd3FYUFJYcXoyZzdWVjBBY1hteDZqbExMbzBtYXhJYWNDNTTSAa4BQVVfeXFMTU5IYjZ3ckpVWjFUYmZfZ0E3aGppd3pnRkFCc2ZTWWpuMmhKN0szSVBDakZ5bUVrMVJxd0Vsc2U4LTc4TFdfb2FfamtZbzMxZk9QR0RjT2FJWndwYUdySGpHcG41NGt5ZmJWRk9fd29zU2FJTHVsOEM0bC03UmwwbDJfR3lyUHlQeXNuS3hJNXdiTnVZZnZKNWkxemlrZllCVjREeFNieEZJeVhDWE5R?oc=5,3
news,Smile,operative bank digital arm smile goes days fintech futures operative bank digital arm smile goes days fintech futures,0.6124,0.238,0.762,0.0,positive,"Sat, 29 Mar 2025 06:26:16 GMT",2026-05-02T15:44:36.561468,https://news.google.com/rss/articles/CBMioAFBVV95cUxOblVoR2hIVzlhQlB4LW5GeHVMTWpPbVljOWdHQ2w4NG01RXZYU1ZVUTE3NzlCY0tfRzNnN0YzQks4ODZBWW1FbHo2UzhrVFVEZzJLOHp3Qi1DRHBTS2NRRHNBNmd1QnRIMWdDLTh5aFFGZ0t0d2VvZmFPS29QYjZySERLOC1SRW9wVzdCSWVaNlRGcUtkc1hNUzV2OTNwOEtw?oc=5,3
news,Smile,smile turns frown internet bank interest rates hit current accounts guardian smile turns frown internet bank interest rates hit current accounts guardian,0.875,0.379,0.621,0.0,positive,"Wed, 06 Jun 2012 07:00:00 GMT",2026-05-02T15:44:36.561468,https://news.google.com/rss/articles/CBMilgFBVV95cUxNS1pGUHhXQkFONmJzd2dlcDRYVzUxZWtEbkt2Uk9HZ3FFUVVHdVBlaE9kMlNORDV4M3NsTXRraGt4MHBLQlc0anBDVllPU0NuS2UwZ2RHN0FHZzVZejlHTjVDTFdlVXRTaW0zUUY0SjhGV2lNd1NlX3ZnRmhpWEdoQlZVOFdXWGwyUVBiYWlaTFltUlFZd3c?oc=5,3
news,Smile,russia retail workers smile america shocking reversal business insider russia retail workers smile america shocking reversal business insider,-0.1027,0.205,0.574,0.221,negative,"Fri, 19 Aug 2016 07:00:00 GMT",2026-05-02T15:44:36.561468,https://news.google.com/rss/articles/CBMijwFBVV95cUxOcy1yRjYzZEtLUE9jdldlN3phUlctcklkRFBZaWhFeHl5Q19QWlFsZnl5bmNUUXNXYjFuSHBVUzVVYzZlSk5PYldTM0h4SUxrcXlQTHoyeGZscThMLWhiZk5MU2tOdEJJWFVta1hETkJfLVRTMUg4ZFZCdG5DaXp1c1E0dFJZOUZBc3BZeFlsMA?oc=5,3
news,Smile,best affordable invisible braces 2026 forbes best affordable invisible braces 2026 forbes,0.8555,0.457,0.543,0.0,positive,"Wed, 24 Jan 2024 16:58:00 GMT",2026-05-02T15:44:36.561468,https://news.google.com/rss/articles/CBMiekFVX3lxTE82MFZuUDZRWUpZWHJ0T3NCZXdoaXpZZGVUdHFPV3lOTXcyUTZVNTRrZ3VpOWs0TTd2Y2J1Uzk2MEFUUzFaVmJ2allDUnd6dF9ZdUVvTlhhZUJGNjBSWF8za1BQNjN5OW51SG1pVDAzWXpWLWpzMHpsRXBB?oc=5,1
news,Smile,vodacom tanzania acquires smile tanzania techpoint africa vodacom tanzania acquires smile tanzania techpoint africa,0.6124,0.294,0.706,0.0,positive,"Wed, 17 Apr 2024 07:00:00 GMT",2026-05-02T15:44:36.561468,https://news.google.com/rss/articles/CBMiZEFVX3lxTFB1R3Q4RjE1T3lvVTVUdkR5X3p5eXZRdGY1RmpGdlByZEZYMHU3VnBNZmcxT2tzbm0xWlZNeFIzckdCMm9qWFlrWHF2N3VFUEh1NFdldV9KbnlBeHBuZ3hZemxOczE?oc=5,3
news,Smile,pay smile later business jet traveler pay smile later business jet traveler,0.4939,0.316,0.506,0.177,positive,"Sat, 24 Dec 2016 21:04:49 GMT",2026-05-02T15:44:36.561468,https://news.google.com/rss/articles/CBMicEFVX3lxTE1SME9DR2hTY2RaOG1WaXJNOFJBYnBMZzhVVjFQUkxQVURrZ052c3lhb3BJbnpJZnRkc3JNaGw3N3R4V1lZMWF3S2lmdUtOOXp6RmU5N3gyVnJyQl9GZ2xhOGloTmRVSkt2OUplLXdhd3A?oc=5,3
news,Smile,smile telecoms bringing lte broadband internet nigeria africa business communities smile telecoms bringing lte broadband internet nigeria africa business communities,0.6124,0.217,0.783,0.0,positive,"Tue, 14 Mar 2023 07:00:00 GMT",2026-05-02T15:44:36.561468,https://news.google.com/rss/articles/CBMipwFBVV95cUxPaUhfRUs4LXdsNmJFTWRRMEc1NFpLQkRpWVk1bEFuZTFJOWNlM2lqcTNpaGJ5QlJVZ0pTLUhIa240VUNoVExsczYxYi1oZlFsNnBqcm9fdFp0dXhqejZ0aWFyMzhpeWFaNnRVNEo5d29WdDNsWUpNamVoWmF6X3FnV2hBd1laVjBFLWJQSHB2cWxhNUJwal91NjFNcmczbWNUenlRS29idw?oc=5,0
news,Smile,broadband service provider smile commits high quality internet service nigerians vanguard news broadband service provider smile commits high quality internet service nigerians vanguard news,0.6369,0.265,0.735,0.0,positive,"Wed, 18 Oct 2023 07:00:00 GMT",2026-05-02T15:44:36.561468,https://news.google.com/rss/articles/CBMiwAFBVV95cUxPcE1aSWI4V2dMbFJhRzlsNnNkU1ZSNkpfbFdXRTJnSGp6WFQtU2VpOHJ0djgxX2o2ZWJYeUxYZnJpZ1FLeTBKa3ZwTjhtWFcxaXFUQWU3UV9sNXhreWZ5M3dBbTQtdDFrR0h4dTZ2ZXFzTzhfcjlYVjBuSFNNOHlIMVlWQUFKdzJJYzBFS1Z6TnNzRFB2c2ZZWGNIOWNiUm1IMENURUVrZ1pTX0ZKSXlqVjdvTlozTUwxTmhXQThYU3PSAcYBQVVfeXFMTno5QWZhczFjQWl0Sk9oOTZzX3BjM2MyVy10Tm84dDJkSURfYW1wSzBfWDJ2WW5CUk5mU2Z3TTN3YlAxVkdaUFMyNlFwWVdJclFyekNUYjJMZ2NwTTlZQTVEcWtZM1BnQU5Da2pDZy1kbmlidmxONGZldER5clJzd0pGRWlUd3FoX29jUlJzcU10WEZUYjZ0V0hzbUM5NW5RTG1jb2ZEcjg5SzBtdHNJaDRZaVlPSjVZZjRXN3RIZUNSZjZvU2Vn?oc=5,3
news,Smile,smile resolves service breakdown mainone glo intervention business news nigeria smile resolves service breakdown mainone glo intervention business news nigeria,0.7506,0.344,0.656,0.0,positive,"Tue, 04 Feb 2020 08:00:00 GMT",2026-05-02T15:44:36.561468,https://news.google.com/rss/articles/CBMiqAFBVV95cUxPQ0ktRm5BX3NYeHkxb0dyNXRGMmVhc1praTd1ZkkzT3hldFRLUTBrd0JkWkxpRndQUzFWTnIwQnNEdTlMMlFrVGtkMUVST1ZjSk9VUkpIN1phWVRNUlcyZWs1QnEzblNjM3lsYWNSVTVxdDRSWk5hYnRGNVMzaDZiX01yYkhsY2xYV2I5MjBhVGtlaExSVHpDVkdiNmtGeFotdlhXaTFuZlA?oc=5,3
news,Smile,target customers employees hate new forced greeting policy new york post target customers employees hate new forced greeting policy new york post,-0.8481,0.15,0.462,0.387,negative,"Wed, 12 Nov 2025 08:00:00 GMT",2026-05-02T15:44:36.561468,https://news.google.com/rss/articles/CBMipgFBVV95cUxQM0xCV0VvM1dITi1laUdibVdJX0IzNC12OW13bG5zaTJLcXh3dkhxSDFlaFFraWV5VzJteEZoSFhhMnN6RVdLQXp1eFc5M2Zza0JLSVlDVE5fX1dDWFB0c1N6akVNMHRSVF9tZFBUWDNOUTltM3JJUE9WTHpaN1d1UGVpdDI0dWhwMDFzczdaNDV6cEVOTnJORHN4U1NKMkRzUTgzeUZR?oc=5,0
news,Smile,anime figurine maker exposes north american customer names home addresses cybernews anime figurine maker exposes north american customer names home addresses cybernews,-0.25,0.0,0.87,0.13,negative,"Wed, 17 Jul 2024 07:00:00 GMT",2026-05-02T15:44:36.561468,https://news.google.com/rss/articles/CBMiekFVX3lxTE04eWkweG81ZUgyN09TS0xwd1RNWWwzMGlOUzFiWVozTzhvTXNwa1hIbExZdjAxOXBkcjlWUElUY2RIRkFDQllsVkpoaE5kRjZUeXg0X1BHVTRoRS1Ec3pPLUFJUjlNcmVGeXRsdXh5N1h3RXBiLTJkR1B3?oc=5,3
news,Smile,smile communications deepens broadband access innovative solutions business news nigeria smile communications deepens broadband access innovative solutions business news nigeria,0.9042,0.504,0.496,0.0,positive,"Tue, 02 Sep 2014 07:00:00 GMT",2026-05-02T15:44:36.561468,https://news.google.com/rss/articles/CBMitAFBVV95cUxPWVVCSGh0YXYzSnlFSnFTTWNzeFphNk1yazB6QWdPdThSUkF0T2pFellIYzQtaGQ3YUZteXFTMXBDWEVybzB6RDdlR2c5cy1EWWZydnB3cHlmakVOdzVqRE82emxuc25TLUVzUHk2a1NrSHRWdEJDU19GVDdab1JzeWFxOWt3QVJlZ2hnV3dDQWZZVVdURFFwZWlhMFNoU0VMRmgyMmFqSjVoM2NERHVhaGs4ZkXSAboBQVVfeXFMUEtrdmgxV0psbjA1MGxnYjN1MmEzUXpmSUFHTE5rbWNyZGpFWURzVUU4emFaS0lPWnNqbHUyM0t2Q08tMDZmNS1ra0NOcTQ2bXp5N0xTRkhEckJRcnNQbnRadi1yWGIwcmNSanZMRzA3QVNOZnNJbWJSRjcxMW5fd0ROWXkyMlZiRlZwOVV6eVR5RUN1d3NsakFrRzh0ZzZMMVZCVUVBOTU3NkFLazNHbFFlT2lhT3g1OHZB?oc=5,0
news,Smile,trump otaku tariffs cause good smile company suspend pre orders delay shipments essential japan trump otaku tariffs cause good smile company suspend pre orders delay shipments essential japan,0.3818,0.27,0.5,0.23,positive,"Fri, 25 Apr 2025 07:00:00 GMT",2026-05-02T15:44:36.561468,https://news.google.com/rss/articles/CBMi1AFBVV95cUxNR1FEMElpS1pCV0IxM0Q2Wjh2b0Z5Ry03enlaNDFWdWJDQzE2NEJCbFl1WV9vUVlDdmFyc1BfWGNyR2luaVU2cXJpM3Y3WWtuZ3N4cFd0enhVVzZRczZxMklLZTZjSVN4NnM4WGREMEhFU1RNYnFGVE1tMmxVeFdiWUg0NS15dVhRa3BUODJOUkFXTW1YQzliVTU5ZzdiMGRZc2NMVHFKMUtfWmprbXZubndhZTYtWTctdTZHcEFNZW5xeTBZc0U2eHdxY3VZaGVMTHpFXw?oc=5,3
news,Smile,smile match com profile online dating tips execs business insider smile match com profile online dating tips execs business insider,0.6124,0.217,0.783,0.0,positive,"Tue, 12 Apr 2011 07:00:00 GMT",2026-05-02T15:44:36.561468,https://news.google.com/rss/articles/CBMihgFBVV95cUxOanRRUUE5aGpnWHVEeklFUzJtUXVZVXdpaEhnUTNjSjQ1dnVHSzlTZTg5bXdWNW41Nkc4YU1mMWZYMjF1b1NQWVNqRGRJMFdOU21nd1dobzAybktVUDZEZmQ5ZTlFZlhVTHdjS0JZekQ3emZrMjZoZDBnSnlWWktMOHFWNUdmZw?oc=5,3
